exported_utc;server;company;account_currency;account_leverage;symbol;description;path;currency_base;currency_profit;currency_margin;digits;point;trade_tick_size;trade_tick_value;trade_tick_value_profit;trade_tick_value_loss;calculated_tick_value_buy;calculated_tick_value_sell;tick_value_calc_status;trade_contract_size;volume_min;volume_max;volume_step;volume_limit;stops_level_points;freeze_level_points;spread_points_current;spread_floating;trade_mode;calc_mode;order_mode_mask;filling_mode_mask;expiration_mode_mask;swap_mode;swap_long;swap_short;swap_rollover3days;margin_initial;margin_maintenance;margin_hedged;observed_commission_fee_per_lot_side;observed_swap_per_lot;observed_deal_volume;observed_days
"2026.08.14 08:38:38";"Bybit-Live-4";"Infra Capital Limited";"UST";500;"AUDCAD.s";"Australian Dollar vs Canadian Dollar";"STP\Forex.s\Forex Major\AUDCAD.s";"AUD";"CAD";"AUD";5;0.000010000000;0.000010000000;0.000000000000;0.000000000000;0.000000000000;0.000000000000;0.000000000000;"PARTIAL";100000.00000000;0.01000000;100.00000000;0.01000000;0.00000000;0;0;17.00;1;4;5;127;2;15;1;3.31000000;-6.60000000;3;100000.00000000;0.00000000;100000.00000000;0.00000000;0.00000000;0.00000000;365
"2026.08.14 08:38:38";"Bybit-Live-4";"Infra Capital Limited";"UST";500;"USDDKK.s";"US Dollar vs Danish Krone";"STP\Forex.s\Forex Minor\Forex Minor -CFD\USDDKK.s";"USD";"DKK";"USD";5;0.000010000000;0.000010000000;0.000000000000;0.000000000000;0.000000000000;0.000000000000;0.000000000000;"PARTIAL";100000.00000000;0.01000000;100.00000000;0.01000000;0.00000000;0;0;315.00;1;4;5;127;2;15;1;25.14000000;-49.56000000;3;0.00000000;0.00000000;100000.00000000;0.00000000;0.00000000;0.00000000;365
"2026.08.14 08:38:38";"Bybit-Live-4";"Infra Capital Limited";"UST";500;"XAUUSD.s";"Gold US Dollar";"STP\Gold.s\XAUUSD.s";"USD";"USD";"USD";2;0.010000000000;0.010000000000;0.000000000000;0.000000000000;0.000000000000;0.000000000000;0.000000000000;"PARTIAL";100.00000000;0.01000000;100.00000000;0.01000000;0.00000000;20;0;22.00;1;4;2;127;2;7;1;-81.18000000;31.29000000;3;0.00000000;0.00000000;100.00000000;0.00000000;0.00000000;0.00000000;365
"2026.08.14 08:38:38";"Bybit-Live-4";"Infra Capital Limited";"UST";500;"AUDCHF.s";"Australian Dollar vs Swiss Franc";"STP\Forex.s\Forex Major\AUDCHF.s";"AUD";"CHF";"AUD";5;0.000010000000;0.000010000000;0.000000000000;0.000000000000;0.000000000000;0.000000000000;0.000000000000;"PARTIAL";100000.00000000;0.01000000;100.00000000;0.01000000;0.00000000;0;0;12.00;1;4;5;127;2;15;1;5.88000000;-7.85000000;3;100000.00000000;0.00000000;100000.00000000;0.00000000;0.00000000;0.00000000;365
"2026.08.14 08:38:38";"Bybit-Live-4";"Infra Capital Limited";"UST";500;"AUDJPY.s";"Australian Dollar vs Japanese Yen";"STP\Forex.s\Forex Major\AUDJPY.s";"AUD";"JPY";"AUD";3;0.001000000000;0.001000000000;0.000000000000;0.000000000000;0.000000000000;0.000000000000;0.000000000000;"PARTIAL";100000.00000000;0.01000000;100.00000000;0.01000000;0.00000000;0;0;24.00;1;4;5;127;2;15;1;8.73000000;-12.19000000;3;100000.00000000;0.00000000;100000.00000000;0.00000000;0.00000000;0.00000000;365
"2026.08.14 08:38:38";"Bybit-Live-4";"Infra Capital Limited";"UST";500;"AUDUSD.s";"Australian Dollar vs US Dollar";"STP\Forex.s\Forex Major\AUDUSD.s";"AUD";"USD";"AUD";5;0.000010000000;0.000010000000;0.000000000000;0.000000000000;0.000000000000;0.000000000000;0.000000000000;"PARTIAL";100000.00000000;0.01000000;100.00000000;0.01000000;0.00000000;0;0;12.00;1;4;5;127;2;15;1;0.29000000;-1.67000000;3;100000.00000000;0.00000000;100000.00000000;0.00000000;0.00000000;0.00000000;365
"2026.08.14 08:38:38";"Bybit-Live-4";"Infra Capital Limited";"UST";500;"CADCHF.s";"Canadian Dollar vs Swiss Franc";"STP\Forex.s\Forex Major\CADCHF.s";"CAD";"CHF";"CAD";5;0.000010000000;0.000010000000;0.000000000000;0.000000000000;0.000000000000;0.000000000000;0.000000000000;"PARTIAL";100000.00000000;0.01000000;100.00000000;0.01000000;0.00000000;0;0;11.00;1;4;5;127;2;15;1;3.14000000;-5.07000000;3;100000.00000000;0.00000000;100000.00000000;0.00000000;0.00000000;0.00000000;365
"2026.08.14 08:38:38";"Bybit-Live-4";"Infra Capital Limited";"UST";500;"CADJPY.s";"Canadian Dollar vs Japanese Yen";"STP\Forex.s\Forex Major\CADJPY.s";"CAD";"JPY";"CAD";3;0.001000000000;0.001000000000;0.000000000000;0.000000000000;0.000000000000;0.000000000000;0.000000000000;"PARTIAL";100000.00000000;0.01000000;100.00000000;0.01000000;0.00000000;0;0;20.00;1;4;5;127;2;15;1;3.29000000;-6.66000000;3;100000.00000000;0.00000000;100000.00000000;0.00000000;0.00000000;0.00000000;365
"2026.08.14 08:38:38";"Bybit-Live-4";"Infra Capital Limited";"UST";500;"CHFJPY.s";"Swiss Franc vs Japanese Yen";"STP\Forex.s\Forex Major\CHFJPY.s";"CHF";"JPY";"CHF";3;0.001000000000;0.001000000000;0.000000000000;0.000000000000;0.000000000000;0.000000000000;0.000000000000;"PARTIAL";100000.00000000;0.01000000;100.00000000;0.01000000;0.00000000;0;0;26.00;1;4;5;127;2;15;1;-7.59000000;3.24000000;3;100000.00000000;0.00000000;100000.00000000;0.00000000;0.00000000;0.00000000;365
"2026.08.14 08:38:38";"Bybit-Live-4";"Infra Capital Limited";"UST";500;"EURAUD.s";"Euro vs Australian Dollar";"STP\Forex.s\Forex Major\EURAUD.s";"EUR";"AUD";"EUR";5;0.000010000000;0.000010000000;0.000000000000;0.000000000000;0.000000000000;0.000000000000;0.000000000000;"PARTIAL";100000.00000000;0.01000000;100.00000000;0.01000000;0.00000000;0;0;15.00;1;4;5;127;2;15;1;-10.99000000;6.77000000;3;100000.00000000;0.00000000;100000.00000000;0.00000000;0.00000000;0.00000000;365
"2026.08.14 08:38:38";"Bybit-Live-4";"Infra Capital Limited";"UST";500;"EURCAD.s";"Euro vs Canadian Dollar";"STP\Forex.s\Forex Major\EURCAD.s";"EUR";"CAD";"EUR";5;0.000010000000;0.000010000000;0.000000000000;0.000000000000;0.000000000000;0.000000000000;0.000000000000;"PARTIAL";100000.00000000;0.01000000;100.00000000;0.01000000;0.00000000;0;0;17.00;1;4;5;127;2;15;1;-2.72000000;-1.35000000;3;100000.00000000;0.00000000;100000.00000000;0.00000000;0.00000000;0.00000000;365
"2026.08.14 08:38:38";"Bybit-Live-4";"Infra Capital Limited";"UST";500;"EURCHF.s";"Euro vs Swiss Franc";"STP\Forex.s\Forex Major\EURCHF.s";"EUR";"CHF";"EUR";5;0.000010000000;0.000010000000;0.000000000000;0.000000000000;0.000000000000;0.000000000000;0.000000000000;"PARTIAL";100000.00000000;0.01000000;100.00000000;0.01000000;0.00000000;0;0;12.00;1;4;5;127;2;15;1;5.04000000;-7.36000000;3;100000.00000000;0.00000000;100000.00000000;0.00000000;0.00000000;0.00000000;365
"2026.08.14 08:38:38";"Bybit-Live-4";"Infra Capital Limited";"UST";500;"EURJPY.s";"Euro vs Japanese Yen";"STP\Forex.s\Forex Major\EURJPY.s";"EUR";"JPY";"EUR";3;0.001000000000;0.001000000000;0.000000000000;0.000000000000;0.000000000000;0.000000000000;0.000000000000;"PARTIAL";100000.00000000;0.01000000;100.00000000;0.01000000;0.00000000;0;0;14.00;1;4;5;127;2;15;1;5.29000000;-9.15000000;3;100000.00000000;0.00000000;100000.00000000;0.00000000;0.00000000;0.00000000;365
"2026.08.14 08:38:38";"Bybit-Live-4";"Infra Capital Limited";"UST";500;"EURUSD.s";"Euro vs US Dollar";"STP\Forex.s\Forex Major\EURUSD.s";"EUR";"USD";"EUR";5;0.000010000000;0.000010000000;0.000000000000;0.000000000000;0.000000000000;0.000000000000;0.000000000000;"PARTIAL";100000.00000000;0.01000000;100.00000000;0.01000000;0.00000000;0;0;9.00;1;4;5;127;2;15;1;-6.13000000;3.22000000;3;100000.00000000;0.00000000;100000.00000000;0.00000000;0.00000000;0.00000000;365
"2026.08.14 08:38:38";"Bybit-Live-4";"Infra Capital Limited";"UST";500;"GBPAUD.s";"Great Britain Pound vs Australian Dollar";"STP\Forex.s\Forex Major\GBPAUD.s";"GBP";"AUD";"GBP";5;0.000010000000;0.000010000000;0.000000000000;0.000000000000;0.000000000000;0.000000000000;0.000000000000;"PARTIAL";100000.00000000;0.01000000;100.00000000;0.01000000;0.00000000;0;0;21.00;1;4;5;127;2;15;1;-5.09000000;0.43000000;3;100000.00000000;0.00000000;100000.00000000;0.00000000;0.00000000;0.00000000;365
"2026.08.14 08:38:38";"Bybit-Live-4";"Infra Capital Limited";"UST";500;"GBPCAD.s";"Great Britain Pound vs Canadian Dollar";"STP\Forex.s\Forex Major\GBPCAD.s";"GBP";"CAD";"GBP";5;0.000010000000;0.000010000000;0.000000000000;0.000000000000;0.000000000000;0.000000000000;0.000000000000;"PARTIAL";100000.00000000;0.01000000;100.00000000;0.01000000;0.00000000;0;0;21.00;1;4;5;127;2;15;1;4.04000000;-9.72000000;3;100000.00000000;0.00000000;100000.00000000;0.00000000;0.00000000;0.00000000;365
"2026.08.14 08:38:38";"Bybit-Live-4";"Infra Capital Limited";"UST";500;"GBPCHF.s";"Great Britain Pound vs Swiss Franc";"STP\Forex.s\Forex Major\GBPCHF.s";"GBP";"CHF";"GBP";5;0.000010000000;0.000010000000;0.000000000000;0.000000000000;0.000000000000;0.000000000000;0.000000000000;"PARTIAL";100000.00000000;0.01000000;100.00000000;0.01000000;0.00000000;0;0;12.00;1;4;5;127;2;15;1;9.92000000;-13.35000000;3;100000.00000000;0.00000000;100000.00000000;0.00000000;0.00000000;0.00000000;365
"2026.08.14 08:38:38";"Bybit-Live-4";"Infra Capital Limited";"UST";500;"GBPJPY.s";"Great Britain Pound vs Japanese Yen";"STP\Forex.s\Forex Major\GBPJPY.s";"GBP";"JPY";"GBP";3;0.001000000000;0.001000000000;0.000000000000;0.000000000000;0.000000000000;0.000000000000;0.000000000000;"PARTIAL";100000.00000000;0.01000000;100.00000000;0.01000000;0.00000000;0;0;28.00;1;4;5;127;2;15;1;14.01000000;-23.31000000;3;100000.00000000;0.00000000;100000.00000000;0.00000000;0.00000000;0.00000000;365
"2026.08.14 08:38:38";"Bybit-Live-4";"Infra Capital Limited";"UST";500;"GBPUSD.s";"Great Britain Pound vs US Dollar";"STP\Forex.s\Forex Major\GBPUSD.s";"GBP";"USD";"GBP";5;0.000010000000;0.000010000000;0.000000000000;0.000000000000;0.000000000000;0.000000000000;0.000000000000;"PARTIAL";100000.00000000;0.01000000;100.00000000;0.01000000;0.00000000;0;0;11.00;1;4;5;127;2;15;1;-3.31000000;-3.65000000;3;100000.00000000;0.00000000;100000.00000000;0.00000000;0.00000000;0.00000000;365
"2026.08.14 08:38:38";"Bybit-Live-4";"Infra Capital Limited";"UST";500;"USDCAD.s";"US Dollar vs Canadian Dollar";"STP\Forex.s\Forex Major\USDCAD.s";"USD";"CAD";"USD";5;0.000010000000;0.000010000000;0.000000000000;0.000000000000;0.000000000000;0.000000000000;0.000000000000;"PARTIAL";100000.00000000;0.01000000;100.00000000;0.01000000;0.00000000;0;0;13.00;1;4;5;127;2;15;1;2.57000000;-8.93000000;3;100000.00000000;0.00000000;100000.00000000;0.00000000;0.00000000;0.00000000;365
"2026.08.14 08:38:38";"Bybit-Live-4";"Infra Capital Limited";"UST";500;"USDCHF.s";"US Dollar vs Swiss Franc";"STP\Forex.s\Forex Major\USDCHF.s";"USD";"CHF";"USD";5;0.000010000000;0.000010000000;0.000000000000;0.000000000000;0.000000000000;0.000000000000;0.000000000000;"PARTIAL";100000.00000000;0.01000000;100.00000000;0.01000000;0.00000000;0;0;9.00;1;4;5;127;2;15;1;7.56000000;-9.71000000;3;100000.00000000;0.00000000;100000.00000000;0.00000000;0.00000000;0.00000000;365
"2026.08.14 08:38:38";"Bybit-Live-4";"Infra Capital Limited";"UST";500;"USDJPY.s";"US Dollar vs Japanese Yen";"STP\Forex.s\Forex Major\USDJPY.s";"USD";"JPY";"USD";3;0.001000000000;0.001000000000;0.000000000000;0.000000000000;0.000000000000;0.000000000000;0.000000000000;"PARTIAL";100000.00000000;0.01000000;100.00000000;0.01000000;0.00000000;0;0;17.00;1;4;5;127;2;15;1;10.10000000;-17.18000000;3;100000.00000000;0.00000000;100000.00000000;0.00000000;0.00000000;0.00000000;365
"2026.08.14 08:38:38";"Bybit-Live-4";"Infra Capital Limited";"UST";500;"EURGBP.s";"Euro vs Great Britain Pound ";"STP\Forex.s\Forex Major\EURGBP.s";"EUR";"GBP";"EUR";5;0.000010000000;0.000010000000;0.000000000000;0.000000000000;0.000000000000;0.000000000000;0.000000000000;"PARTIAL";100000.00000000;0.01000000;100.00000000;0.01000000;0.00000000;0;0;7.00;1;4;5;127;2;15;1;-4.41000000;2.50000000;3;100000.00000000;0.00000000;100000.00000000;0.00000000;0.00000000;0.00000000;365
"2026.08.14 08:38:38";"Bybit-Live-4";"Infra Capital Limited";"UST";500;"AUDCNH.s";"AU Dollar vs Chinese Yuan";"STP\Forex.s\Forex Minor\Forex Minor -Forex\AUDCNH.s";"AUD";"CNH";"AUD";5;0.000010000000;0.000010000000;0.000000000000;0.000000000000;0.000000000000;0.000000000000;0.000000000000;"PARTIAL";100000.00000000;0.01000000;100.00000000;0.01000000;0.00000000;0;0;88.00;1;4;5;127;2;15;1;29.01000000;-45.99000000;3;100000.00000000;0.00000000;100000.00000000;0.00000000;0.00000000;0.00000000;365
"2026.08.14 08:38:38";"Bybit-Live-4";"Infra Capital Limited";"UST";500;"AUDNZD.s";"Australian Dollar vs New Zealand Dollar";"STP\Forex.s\Forex Minor\Forex Minor -Forex\AUDNZD.s";"AUD";"NZD";"AUD";5;0.000010000000;0.000010000000;0.000000000000;0.000000000000;0.000000000000;0.000000000000;0.000000000000;"PARTIAL";100000.00000000;0.01000000;100.00000000;0.01000000;0.00000000;0;0;20.00;1;4;5;127;2;15;1;3.81000000;-8.38000000;3;100000.00000000;0.00000000;100000.00000000;0.00000000;0.00000000;0.00000000;365
"2026.08.14 08:38:38";"Bybit-Live-4";"Infra Capital Limited";"UST";500;"AUDSGD.s";"Australian Dollar vs Singapore Dollar";"STP\Forex.s\Forex Minor\Forex Minor -Forex\AUDSGD.s";"AUD";"SGD";"AUD";5;0.000010000000;0.000010000000;0.000000000000;0.000000000000;0.000000000000;0.000000000000;0.000000000000;"PARTIAL";100000.00000000;0.01000000;100.00000000;0.01000000;0.00000000;0;0;26.00;1;4;5;127;2;15;1;5.16000000;-8.94000000;3;100000.00000000;0.00000000;100000.00000000;0.00000000;0.00000000;0.00000000;365
"2026.08.14 08:38:38";"Bybit-Live-4";"Infra Capital Limited";"UST";500;"CHFSGD.s";"Swiss Franc vs Singapore Dollar";"STP\Forex.s\Forex Minor\Forex Minor -Forex\CHFSGD.s";"CHF";"SGD";"CHF";5;0.000010000000;0.000010000000;0.000000000000;0.000000000000;0.000000000000;0.000000000000;0.000000000000;"PARTIAL";100000.00000000;0.01000000;100.00000000;0.01000000;0.00000000;0;0;43.00;1;4;5;127;2;15;1;-9.70000000;3.97000000;3;100000.00000000;0.00000000;100000.00000000;0.00000000;0.00000000;0.00000000;365
"2026.08.14 08:38:38";"Bybit-Live-4";"Infra Capital Limited";"UST";500;"EURNZD.s";"Euro vs New Zealand Dollar";"STP\Forex.s\Forex Minor\Forex Minor -Forex\EURNZD.s";"EUR";"NZD";"EUR";5;0.000010000000;0.000010000000;0.000000000000;0.000000000000;0.000000000000;0.000000000000;0.000000000000;"PARTIAL";100000.00000000;0.01000000;100.00000000;0.01000000;0.00000000;0;0;24.00;1;4;5;127;2;15;1;-3.72000000;-2.18000000;3;100000.00000000;0.00000000;100000.00000000;0.00000000;0.00000000;0.00000000;365
"2026.08.14 08:38:38";"Bybit-Live-4";"Infra Capital Limited";"UST";500;"EURPLN.s";"Euro vs Polish Zloty";"STP\Forex.s\Forex Minor\Forex Minor -Forex\EURPLN.s";"EUR";"PLN";"EUR";5;0.000010000000;0.000010000000;0.000000000000;0.000000000000;0.000000000000;0.000000000000;0.000000000000;"PARTIAL";100000.00000000;0.01000000;100.00000000;0.01000000;0.00000000;0;0;362.00;1;4;5;127;2;15;1;-25.58000000;14.39000000;3;100000.00000000;0.00000000;100000.00000000;0.00000000;0.00000000;0.00000000;365
"2026.08.14 08:38:38";"Bybit-Live-4";"Infra Capital Limited";"UST";500;"EURSGD.s";"Euro vs Singapore Dollar";"STP\Forex.s\Forex Minor\Forex Minor -Forex\EURSGD.s";"EUR";"SGD";"EUR";5;0.000010000000;0.000010000000;0.000000000000;0.000000000000;0.000000000000;0.000000000000;0.000000000000;"PARTIAL";100000.00000000;0.01000000;100.00000000;0.01000000;0.00000000;0;0;29.00;1;4;5;127;2;15;1;1.20000000;-5.93000000;3;100000.00000000;0.00000000;100000.00000000;0.00000000;0.00000000;0.00000000;365
"2026.08.14 08:38:38";"Bybit-Live-4";"Infra Capital Limited";"UST";500;"GBPNZD.s";"Great Britain Pound vs New Zealand Dollar";"STP\Forex.s\Forex Minor\Forex Minor -Forex\GBPNZD.s";"GBP";"NZD";"GBP";5;0.000010000000;0.000010000000;0.000000000000;0.000000000000;0.000000000000;0.000000000000;0.000000000000;"PARTIAL";100000.00000000;0.01000000;100.00000000;0.01000000;0.00000000;0;0;26.00;1;4;5;127;2;15;1;4.49000000;-12.48000000;3;100000.00000000;0.00000000;100000.00000000;0.00000000;0.00000000;0.00000000;365
"2026.08.14 08:38:38";"Bybit-Live-4";"Infra Capital Limited";"UST";500;"GBPSGD.s";"Great Britain Pound vs Singapore Dollar";"STP\Forex.s\Forex Minor\Forex Minor -Forex\GBPSGD.s";"GBP";"SGD";"GBP";5;0.000010000000;0.000010000000;0.000000000000;0.000000000000;0.000000000000;0.000000000000;0.000000000000;"PARTIAL";100000.00000000;0.01000000;100.00000000;0.01000000;0.00000000;0;0;33.00;1;4;5;127;2;15;1;7.75000000;-14.42000000;3;100000.00000000;0.00000000;100000.00000000;0.00000000;0.00000000;0.00000000;365
"2026.08.14 08:38:38";"Bybit-Live-4";"Infra Capital Limited";"UST";500;"NZDCAD.s";"New Zealand Dollar vs Canadian Dollar";"STP\Forex.s\Forex Minor\Forex Minor -Forex\NZDCAD.s";"NZD";"CAD";"NZD";5;0.000010000000;0.000010000000;0.000000000000;0.000000000000;0.000000000000;0.000000000000;0.000000000000;"PARTIAL";100000.00000000;0.01000000;100.00000000;0.01000000;0.00000000;0;0;17.00;1;4;5;127;2;15;1;-1.61000000;-1.55000000;3;100000.00000000;0.00000000;100000.00000000;0.00000000;0.00000000;0.00000000;365
"2026.08.14 08:38:38";"Bybit-Live-4";"Infra Capital Limited";"UST";500;"NZDCHF.s";"New Zealand Dollar vs Swiss Franc";"STP\Forex.s\Forex Minor\Forex Minor -Forex\NZDCHF.s";"NZD";"CHF";"NZD";5;0.000010000000;0.000010000000;0.000000000000;0.000000000000;0.000000000000;0.000000000000;0.000000000000;"PARTIAL";100000.00000000;0.01000000;100.00000000;0.01000000;0.00000000;0;0;11.00;1;4;5;127;2;15;1;2.45000000;-4.25000000;3;100000.00000000;0.00000000;100000.00000000;0.00000000;0.00000000;0.00000000;365
"2026.08.14 08:38:38";"Bybit-Live-4";"Infra Capital Limited";"UST";500;"NZDJPY.s";"New Zealand Dollar vs Japanese Yen";"STP\Forex.s\Forex Minor\Forex Minor -Forex\NZDJPY.s";"NZD";"JPY";"NZD";3;0.001000000000;0.001000000000;0.000000000000;0.000000000000;0.000000000000;0.000000000000;0.000000000000;"PARTIAL";100000.00000000;0.01000000;100.00000000;0.01000000;0.00000000;0;0;23.00;1;4;5;127;2;15;1;2.46000000;-5.65000000;3;100000.00000000;0.00000000;100000.00000000;0.00000000;0.00000000;0.00000000;365
"2026.08.14 08:38:38";"Bybit-Live-4";"Infra Capital Limited";"UST";500;"NZDSGD.s";"New Zealand Dollar vs Singapore Dollar";"STP\Forex.s\Forex Minor\Forex Minor -Forex\NZDSGD.s";"NZD";"SGD";"NZD";5;0.000010000000;0.000010000000;0.000000000000;0.000000000000;0.000000000000;0.000000000000;0.000000000000;"PARTIAL";100000.00000000;0.01000000;100.00000000;0.01000000;0.00000000;0;0;25.00;1;4;5;127;2;15;1;0.00000000;-4.74000000;3;100000.00000000;0.00000000;100000.00000000;0.00000000;0.00000000;0.00000000;365
"2026.08.14 08:38:38";"Bybit-Live-4";"Infra Capital Limited";"UST";500;"NZDUSD.s";"New Zealand Dollar vs US Dollar";"STP\Forex.s\Forex Minor\Forex Minor -Forex\NZDUSD.s";"NZD";"USD";"NZD";5;0.000010000000;0.000010000000;0.000000000000;0.000000000000;0.000000000000;0.000000000000;0.000000000000;"PARTIAL";100000.00000000;0.01000000;100.00000000;0.01000000;0.00000000;0;0;11.00;1;4;5;127;2;15;1;-3.07000000;1.31000000;3;100000.00000000;0.00000000;100000.00000000;0.00000000;0.00000000;0.00000000;365
"2026.08.14 08:38:38";"Bybit-Live-4";"Infra Capital Limited";"UST";500;"SGDJPY.s";"Singapore Dollar vs Japanese Yen";"STP\Forex.s\Forex Minor\Forex Minor -Forex\SGDJPY.s";"SGD";"JPY";"SGD";3;0.001000000000;0.001000000000;0.000000000000;0.000000000000;0.000000000000;0.000000000000;0.000000000000;"PARTIAL";100000.00000000;0.01000000;100.00000000;0.01000000;0.00000000;0;0;30.00;1;4;5;127;2;15;1;0.00000000;-4.03000000;3;100000.00000000;0.00000000;100000.00000000;0.00000000;0.00000000;0.00000000;365
"2026.08.14 08:38:38";"Bybit-Live-4";"Infra Capital Limited";"UST";500;"USDCNH.s";"US Dollar vs Chinese Yuan";"STP\Forex.s\Forex Minor\Forex Minor -Forex\USDCNH.s";"USD";"CNH";"USD";5;0.000010000000;0.000010000000;0.000000000000;0.000000000000;0.000000000000;0.000000000000;0.000000000000;"PARTIAL";100000.00000000;0.01000000;100.00000000;0.01000000;0.00000000;0;0;75.00;1;4;5;127;2;15;1;34.67000000;-53.26000000;3;100000.00000000;0.00000000;100000.00000000;0.00000000;0.00000000;0.00000000;365
"2026.08.14 08:38:38";"Bybit-Live-4";"Infra Capital Limited";"UST";500;"USDPLN.s";"US Dollar vs Polish Zloty";"STP\Forex.s\Forex Minor\Forex Minor -Forex\USDPLN.s";"USD";"PLN";"USD";5;0.000010000000;0.000010000000;0.000000000000;0.000000000000;0.000000000000;0.000000000000;0.000000000000;"PARTIAL";100000.00000000;0.01000000;100.00000000;0.01000000;0.00000000;0;0;315.00;1;4;5;127;2;15;1;-5.95000000;-1.54000000;3;100000.00000000;0.00000000;100000.00000000;0.00000000;0.00000000;0.00000000;365
"2026.08.14 08:38:38";"Bybit-Live-4";"Infra Capital Limited";"UST";500;"USDSGD.s";"US Dollar vs Singapore Dollar";"STP\Forex.s\Forex Minor\Forex Minor -Forex\USDSGD.s";"USD";"SGD";"USD";5;0.000010000000;0.000010000000;0.000000000000;0.000000000000;0.000000000000;0.000000000000;0.000000000000;"PARTIAL";100000.00000000;0.01000000;100.00000000;0.01000000;0.00000000;0;0;23.00;1;4;5;127;2;15;1;6.08000000;-10.40000000;3;100000.00000000;0.00000000;100000.00000000;0.00000000;0.00000000;0.00000000;365
"2026.08.14 08:38:38";"Bybit-Live-4";"Infra Capital Limited";"UST";500;"USDNOK.s";"US Dollar vs Norwegian Krone";"STP\Forex.s\Forex Minor\Forex Minor -Forex\USDNOK.s";"USD";"NOK";"USD";5;0.000010000000;0.000010000000;0.000000000000;0.000000000000;0.000000000000;0.000000000000;0.000000000000;"PARTIAL";100000.00000000;0.01000000;100.00000000;0.01000000;0.00000000;0;0;699.00;1;4;5;127;2;15;1;-33.97000000;-2.57000000;3;100000.00000000;0.00000000;100000.00000000;0.00000000;0.00000000;0.00000000;365
"2026.08.14 08:38:38";"Bybit-Live-4";"Infra Capital Limited";"UST";500;"USDSEK.s";"US Dollar vs Swedish Krona";"STP\Forex.s\Forex Minor\Forex Minor -Forex\USDSEK.s";"USD";"SEK";"USD";5;0.000010000000;0.000010000000;0.000000000000;0.000000000000;0.000000000000;0.000000000000;0.000000000000;"PARTIAL";100000.00000000;0.01000000;100.00000000;0.01000000;0.00000000;0;0;751.00;1;4;5;127;2;15;1;35.72000000;-68.47000000;3;100000.00000000;0.00000000;100000.00000000;0.00000000;0.00000000;0.00000000;365
"2026.08.14 08:38:38";"Bybit-Live-4";"Infra Capital Limited";"UST";500;"EURCZK.s";"Euro vs Czech Koruna";"STP\Forex.s\Forex Minor\Forex Minor -CFD\EURCZK.s";"EUR";"CZK";"EUR";4;0.000100000000;0.000100000000;0.000000000000;0.000000000000;0.000000000000;0.000000000000;0.000000000000;"PARTIAL";100000.00000000;0.01000000;100.00000000;0.01000000;0.00000000;0;0;214.00;1;4;5;127;2;15;1;-24.62000000;5.73000000;3;0.00000000;0.00000000;100000.00000000;0.00000000;0.00000000;0.00000000;365
"2026.08.14 08:38:38";"Bybit-Live-4";"Infra Capital Limited";"UST";500;"EURDKK.s";"Euro vs Danish Krone";"STP\Forex.s\Forex Minor\Forex Minor -CFD\EURDKK.s";"EUR";"DKK";"EUR";5;0.000010000000;0.000010000000;0.000000000000;0.000000000000;0.000000000000;0.000000000000;0.000000000000;"PARTIAL";100000.00000000;0.01000000;100.00000000;0.01000000;0.00000000;0;0;337.00;1;4;5;127;2;15;1;0.94000000;-18.02000000;3;0.00000000;0.00000000;100000.00000000;0.00000000;0.00000000;0.00000000;365
"2026.08.14 08:38:38";"Bybit-Live-4";"Infra Capital Limited";"UST";500;"EURHUF.s";"Euro vs Hungarian Forint";"STP\Forex.s\Forex Minor\Forex Minor -CFD\EURHUF.s";"EUR";"HUF";"EUR";3;0.001000000000;0.001000000000;0.000000000000;0.000000000000;0.000000000000;0.000000000000;0.000000000000;"PARTIAL";100000.00000000;0.01000000;100.00000000;0.01000000;0.00000000;0;0;432.00;1;4;5;127;2;15;1;-44.86000000;25.26000000;3;0.00000000;0.00000000;100000.00000000;0.00000000;0.00000000;0.00000000;365
"2026.08.14 08:38:38";"Bybit-Live-4";"Infra Capital Limited";"UST";500;"EURTRY.s";"Euro vs Turkish Lira";"STP\Forex.s\Forex Minor\Forex Minor -CFD\EURTRY.s";"EUR";"TRY";"EUR";5;0.000010000000;0.000010000000;0.000000000000;0.000000000000;0.000000000000;0.000000000000;0.000000000000;"PARTIAL";100000.00000000;0.01000000;100.00000000;0.01000000;0.00000000;20;0;4661.00;1;4;5;127;2;15;1;-5585.29000000;2051.64000000;3;100000.00000000;0.00000000;100000.00000000;0.00000000;0.00000000;0.00000000;365
"2026.08.14 08:38:38";"Bybit-Live-4";"Infra Capital Limited";"UST";500;"USDBRL.s";"US Dollar vs Brazilian";"STP\Forex.s\Forex Minor\Forex Minor -CFD\USDBRL.s";"USD";"BRL";"USD";5;0.000010000000;0.000010000000;0.000000000000;0.000000000000;0.000000000000;0.000000000000;0.000000000000;"PARTIAL";100000.00000000;0.01000000;100.00000000;0.01000000;0.00000000;0;0;248.00;1;4;5;127;2;15;1;-429.98000000;-65.85000000;3;100000.00000000;0.00000000;100000.00000000;0.00000000;0.00000000;0.00000000;365
"2026.08.14 08:38:38";"Bybit-Live-4";"Infra Capital Limited";"UST";500;"USDCLP.s";"US Dollar vs Chile Peso";"STP\Forex.s\Forex Minor\Forex Minor -CFD\USDCLP.s";"USD";"CLP";"USD";2;0.010000000000;0.010000000000;0.000000000000;0.000000000000;0.000000000000;0.000000000000;0.000000000000;"PARTIAL";100000.00000000;0.01000000;100.00000000;0.01000000;0.00000000;0;0;88.00;1;4;5;127;2;15;1;-45.05000000;-26.38000000;3;0.00000000;0.00000000;100000.00000000;0.00000000;0.00000000;0.00000000;365
"2026.08.14 08:38:38";"Bybit-Live-4";"Infra Capital Limited";"UST";500;"USDCOP.s";"US Dollar vs Colombia Peso";"STP\Forex.s\Forex Minor\Forex Minor -CFD\USDCOP.s";"USD";"COP";"USD";2;0.010000000000;0.010000000000;0.000000000000;0.000000000000;0.000000000000;0.000000000000;0.000000000000;"PARTIAL";100000.00000000;0.01000000;100.00000000;0.01000000;0.00000000;0;0;1969.00;1;4;5;127;2;15;1;-181.84000000;-90.64000000;3;0.00000000;0.00000000;100000.00000000;0.00000000;0.00000000;0.00000000;365
"2026.08.14 08:38:38";"Bybit-Live-4";"Infra Capital Limited";"UST";500;"USDCZK.s";"US Dollar vs Czech Koruna";"STP\Forex.s\Forex Minor\Forex Minor -CFD\USDCZK.s";"USD";"CZK";"USD";5;0.000010000000;0.000010000000;0.000000000000;0.000000000000;0.000000000000;0.000000000000;0.000000000000;"PARTIAL";100000.00000000;0.01000000;100.00000000;0.01000000;0.00000000;0;0;1558.00;1;4;5;127;2;15;1;-121.93000000;-31.62000000;3;0.00000000;0.00000000;100000.00000000;0.00000000;0.00000000;0.00000000;365
"2026.08.14 08:38:38";"Bybit-Live-4";"Infra Capital Limited";"UST";500;"USDHUF.s";"US Dollar vs Hungarian Forint";"STP\Forex.s\Forex Minor\Forex Minor -CFD\USDHUF.s";"USD";"HUF";"USD";3;0.001000000000;0.001000000000;0.000000000000;0.000000000000;0.000000000000;0.000000000000;0.000000000000;"PARTIAL";100000.00000000;0.01000000;100.00000000;0.01000000;0.00000000;0;0;422.00;1;4;5;127;2;15;1;-25.13000000;10.14000000;3;0.00000000;0.00000000;100000.00000000;0.00000000;0.00000000;0.00000000;365
"2026.08.14 08:38:38";"Bybit-Live-4";"Infra Capital Limited";"UST";500;"USDIDR.s";"US Dollar vs Indonesian Rupiah";"STP\Forex.s\Forex Minor\Forex Minor -CFD\USDIDR.s";"USD";"IDR";"USD";1;0.100000000000;0.100000000000;0.000000000000;0.000000000000;0.000000000000;0.000000000000;0.000000000000;"PARTIAL";100000.00000000;0.01000000;100.00000000;0.01000000;0.00000000;0;0;156.00;1;4;5;127;2;15;1;-359.34000000;-69.56000000;3;0.00000000;0.00000000;100000.00000000;0.00000000;0.00000000;0.00000000;365
"2026.08.14 08:38:38";"Bybit-Live-4";"Infra Capital Limited";"UST";500;"USDINR.s";"US Dollar vs Indian Rupee";"STP\Forex.s\Forex Minor\Forex Minor -CFD\USDINR.s";"USD";"INR";"USD";3;0.001000000000;0.001000000000;0.000000000000;0.000000000000;0.000000000000;0.000000000000;0.000000000000;"PARTIAL";100000.00000000;0.01000000;100.00000000;0.01000000;0.00000000;0;0;31.00;1;4;5;127;2;15;1;-81.63000000;-34.00000000;3;100000.00000000;0.00000000;100000.00000000;0.00000000;0.00000000;0.00000000;365
"2026.08.14 08:38:38";"Bybit-Live-4";"Infra Capital Limited";"UST";500;"USDKRW.s";"US Dollar vs South Korean won";"STP\Forex.s\Forex Minor\Forex Minor -CFD\USDKRW.s";"USD";"KRW";"USD";2;0.010000000000;0.010000000000;0.000000000000;0.000000000000;0.000000000000;0.000000000000;0.000000000000;"PARTIAL";100000.00000000;0.01000000;100.00000000;0.01000000;0.00000000;0;0;50.00;1;4;5;127;2;15;1;-44.90000000;-78.71000000;3;0.00000000;0.00000000;100000.00000000;0.00000000;0.00000000;0.00000000;365
"2026.08.14 08:38:38";"Bybit-Live-4";"Infra Capital Limited";"UST";500;"USDTHB.s";"United States Dollar vs Thai Baht";"STP\Forex.s\Forex Minor\Forex Minor -CFD\USDTHB.s";"USD";"THB";"USD";5;0.000010000000;0.000010000000;0.000000000000;0.000000000000;0.000000000000;0.000000000000;0.000000000000;"PARTIAL";100000.00000000;0.01000000;100.00000000;0.01000000;0.00000000;0;0;1267.00;1;4;5;127;2;15;1;-1320.50000000;-312.40000000;3;0.00000000;0.00000000;100000.00000000;0.00000000;0.00000000;0.00000000;365
"2026.08.14 08:38:38";"Bybit-Live-4";"Infra Capital Limited";"UST";500;"USDTRY.s";"US Dollar vs Turkish Lira";"STP\Forex.s\Forex Minor\Forex Minor -CFD\USDTRY.s";"USD";"TRY";"USD";5;0.000010000000;0.000010000000;0.000000000000;0.000000000000;0.000000000000;0.000000000000;0.000000000000;"PARTIAL";100000.00000000;0.01000000;100.00000000;0.01000000;0.00000000;20;0;3122.00;1;4;5;127;2;15;1;-4630.65000000;1599.77000000;4;100000.00000000;0.00000000;100000.00000000;0.00000000;0.00000000;0.00000000;365
"2026.08.14 08:38:38";"Bybit-Live-4";"Infra Capital Limited";"UST";500;"USDTWD.s";"US Dollar vs Taiwan Dollar";"STP\Forex.s\Forex Minor\Forex Minor -CFD\USDTWD.s";"USD";"TWD";"USD";3;0.001000000000;0.001000000000;0.000000000000;0.000000000000;0.000000000000;0.000000000000;0.000000000000;"PARTIAL";100000.00000000;0.01000000;100.00000000;0.01000000;0.00000000;0;0;17.00;1;4;5;127;2;15;1;-24.67000000;-67.40000000;3;0.00000000;0.00000000;100000.00000000;0.00000000;0.00000000;0.00000000;365
"2026.08.14 08:38:38";"Bybit-Live-4";"Infra Capital Limited";"UST";500;"USDILS.s";"US dollar vs Israeli Shekel";"STP\Forex.s\Forex Minor\Forex Minor -CFD\USDILS.s";"USD";"ILS";"USD";5;0.000010000000;0.000010000000;0.000000000000;0.000000000000;0.000000000000;0.000000000000;0.000000000000;"PARTIAL";100000.00000000;0.01000000;100.00000000;0.01000000;0.00000000;0;0;534.00;1;4;5;127;2;15;1;-8.54000000;-8.00000000;3;0.00000000;0.00000000;100000.00000000;0.00000000;0.00000000;0.00000000;365
"2026.08.14 08:38:38";"Bybit-Live-4";"Infra Capital Limited";"UST";500;"EURNOK.s";"Euro vs Norwegian Krone";"STP\Forex.s\Forex Exotic\EURNOK.s";"EUR";"NOK";"EUR";5;0.000010000000;0.000010000000;0.000000000000;0.000000000000;0.000000000000;0.000000000000;0.000000000000;"PARTIAL";100000.00000000;0.01000000;100.00000000;0.01000000;0.00000000;0;0;832.00;1;4;5;127;2;15;1;-86.90000000;38.10000000;3;100000.00000000;0.00000000;100000.00000000;0.00000000;0.00000000;0.00000000;365
"2026.08.14 08:38:38";"Bybit-Live-4";"Infra Capital Limited";"UST";500;"EURSEK.s";"Euro vs Swedish Krona";"STP\Forex.s\Forex Exotic\EURSEK.s";"EUR";"SEK";"EUR";5;0.000010000000;0.000010000000;0.000000000000;0.000000000000;0.000000000000;0.000000000000;0.000000000000;"PARTIAL";100000.00000000;0.01000000;100.00000000;0.01000000;0.00000000;0;0;909.00;1;4;5;127;2;15;1;-2.10000000;-34.00000000;3;100000.00000000;0.00000000;100000.00000000;0.00000000;0.00000000;0.00000000;365
"2026.08.14 08:38:38";"Bybit-Live-4";"Infra Capital Limited";"UST";500;"USDMXN.s";"US Dollar vs Mexican Peso";"STP\Forex.s\Forex Exotic\USDMXN.s";"USD";"MXN";"USD";5;0.000010000000;0.000010000000;0.000000000000;0.000000000000;0.000000000000;0.000000000000;0.000000000000;"PARTIAL";100000.00000000;0.01000000;100.00000000;0.01000000;0.00000000;0;0;717.00;1;4;5;127;2;15;1;-178.04000000;96.30000000;3;100000.00000000;0.00000000;100000.00000000;0.00000000;0.00000000;0.00000000;365
"2026.08.14 08:38:38";"Bybit-Live-4";"Infra Capital Limited";"UST";500;"USDZAR.s";"US Dollar vs South African Rand";"STP\Forex.s\Forex Exotic\USDZAR.s";"USD";"ZAR";"USD";5;0.000010000000;0.000010000000;0.000000000000;0.000000000000;0.000000000000;0.000000000000;0.000000000000;"PARTIAL";100000.00000000;0.01000000;100.00000000;0.01000000;0.00000000;0;0;1156.00;1;4;5;127;2;15;1;-170.49000000;105.32000000;3;100000.00000000;0.00000000;100000.00000000;0.00000000;0.00000000;0.00000000;365
"2026.08.14 08:38:38";"Bybit-Live-4";"Infra Capital Limited";"UST";500;"DJ30.s";"Dow Jones Index Cash CFD (USD)";"STP\CFDs.s\Indices Major\DJ30.s";"USD";"USD";"USD";2;0.010000000000;0.010000000000;0.000000000000;0.000000000000;0.000000000000;0.000000000000;0.000000000000;"PARTIAL";1.00000000;0.10000000;1500.00000000;0.10000000;0.00000000;50;0;380.00;1;4;2;127;2;15;2;-10.62200000;1.72140000;5;0.00000000;0.00000000;1.00000000;0.00000000;0.00000000;0.00000000;365
"2026.08.14 08:38:38";"Bybit-Live-4";"Infra Capital Limited";"UST";500;"EU50.s";"EUSTX50 Cash";"STP\CFDs.s\Indices Major\EU50.s";"EUR";"EUR";"EUR";2;0.010000000000;0.010000000000;0.010000000000;0.010000000000;0.010000000000;0.000000000000;0.000000000000;"PARTIAL";1.00000000;0.10000000;1500.00000000;0.10000000;0.00000000;50;0;386.00;1;4;2;127;2;15;2;-0.89300000;0.06640000;5;0.00000000;0.00000000;1.00000000;0.00000000;0.00000000;0.00000000;365
"2026.08.14 08:38:38";"Bybit-Live-4";"Infra Capital Limited";"UST";500;"FRA40.s";"France 40 Index";"STP\CFDs.s\Indices Major\FRA40.s";"EUR";"EUR";"EUR";2;0.010000000000;0.010000000000;0.000000000000;0.000000000000;0.000000000000;0.000000000000;0.000000000000;"PARTIAL";1.00000000;0.10000000;1500.00000000;0.10000000;0.00000000;50;0;336.00;1;4;2;127;2;15;2;-1.20880000;0.08990000;5;0.00000000;0.00000000;1.00000000;0.00000000;0.00000000;0.00000000;365
"2026.08.14 08:38:38";"Bybit-Live-4";"Infra Capital Limited";"UST";500;"GER40.s";"GER40 Cash";"STP\CFDs.s\Indices Major\GER40.s";"EUR";"EUR";"EUR";2;0.010000000000;0.010000000000;0.000000000000;0.000000000000;0.000000000000;0.000000000000;0.000000000000;"PARTIAL";1.00000000;0.10000000;1500.00000000;0.10000000;0.00000000;50;0;276.00;1;4;2;127;2;15;2;-3.71440000;0.27630000;5;0.00000000;0.00000000;1.00000000;0.00000000;0.00000000;0.00000000;365
"2026.08.14 08:38:38";"Bybit-Live-4";"Infra Capital Limited";"UST";500;"NAS100.s";"NAS100 Cash";"STP\CFDs.s\Indices Major\NAS100.s";"USD";"USD";"USD";2;0.010000000000;0.010000000000;0.010000000000;0.010000000000;0.010000000000;0.000000000000;0.000000000000;"PARTIAL";1.00000000;0.10000000;1500.00000000;0.10000000;0.00000000;50;0;330.00;1;4;2;127;2;15;2;-6.31620000;1.02360000;5;0.00000000;0.00000000;1.00000000;0.00000000;0.00000000;0.00000000;365
"2026.08.14 08:38:38";"Bybit-Live-4";"Infra Capital Limited";"UST";500;"SP500.s";"S&P Index Cash CFD (USD)";"STP\CFDs.s\Indices Major\SP500.s";"USD";"USD";"USD";2;0.010000000000;0.010000000000;0.000000000000;0.000000000000;0.000000000000;0.000000000000;0.000000000000;"PARTIAL";1.00000000;0.10000000;1500.00000000;0.10000000;0.00000000;50;0;325.00;1;4;2;127;2;15;2;-1.57840000;0.25580000;5;0.00000000;0.00000000;1.00000000;0.00000000;0.00000000;0.00000000;365
"2026.08.14 08:38:38";"Bybit-Live-4";"Infra Capital Limited";"UST";500;"SPI200.s";"S&P/ASX 200 Index Cash CFD (AUD)";"STP\CFDs.s\Indices Major\SPI200.s";"AUD";"AUD";"AUD";2;0.010000000000;0.010000000000;0.000000000000;0.000000000000;0.000000000000;0.000000000000;0.000000000000;"PARTIAL";1.00000000;0.10000000;1500.00000000;0.10000000;0.00000000;50;0;572.00;1;4;2;127;2;15;2;-2.01580000;0.37030000;5;0.00000000;0.00000000;1.00000000;0.00000000;0.00000000;0.00000000;365
"2026.08.14 08:38:38";"Bybit-Live-4";"Infra Capital Limited";"UST";500;"UK100.s";"UK 100 Cash";"STP\CFDs.s\Indices Major\UK100.s";"GBP";"GBP";"GBP";2;0.010000000000;0.010000000000;0.000000000000;0.000000000000;0.000000000000;0.000000000000;0.000000000000;"PARTIAL";1.00000000;0.10000000;1500.00000000;0.10000000;0.00000000;50;0;283.00;1;4;2;127;2;15;2;-2.17210000;0.35480000;5;0.00000000;0.00000000;1.00000000;0.00000000;0.00000000;0.00000000;365
"2026.08.14 08:38:38";"Bybit-Live-4";"Infra Capital Limited";"UST";500;"BVSPX.s";"Bovespa Cash CFD (BRL)";"STP\CFDs.s\Indices Minor\BVSPX.s";"BRL";"BRL";"BRL";2;0.010000000000;0.010000000000;0.000000000000;0.000000000000;0.000000000000;0.000000000000;0.000000000000;"PARTIAL";1.00000000;0.10000000;1500.00000000;0.10000000;0.00000000;500;0;3117.00;1;4;2;127;2;15;2;-88.09940000;39.82580000;5;0.00000000;0.00000000;1.00000000;0.00000000;0.00000000;0.00000000;365
"2026.08.14 08:38:38";"Bybit-Live-4";"Infra Capital Limited";"UST";500;"CHINA50.s";"China A50 Index Cash CFD (USD)";"STP\CFDs.s\Indices Minor\CHINA50.s";"USD";"USD";"USD";0;1.000000000000;1.000000000000;0.000000000000;0.000000000000;0.000000000000;0.000000000000;0.000000000000;"PARTIAL";1.00000000;0.10000000;1500.00000000;0.10000000;0.00000000;1;0;15.00;1;4;2;127;2;15;2;-1.72080000;-0.16640000;5;0.00000000;0.00000000;1.00000000;0.00000000;0.00000000;0.00000000;365
"2026.08.14 08:38:38";"Bybit-Live-4";"Infra Capital Limited";"UST";500;"ES35.s";"ES35 Index Cash";"STP\CFDs.s\Indices Minor\ES35.s";"EUR";"EUR";"EUR";2;0.010000000000;0.010000000000;0.000000000000;0.000000000000;0.000000000000;0.000000000000;0.000000000000;"PARTIAL";1.00000000;0.10000000;1500.00000000;0.10000000;0.00000000;50;0;808.00;1;4;2;127;2;15;2;-1.37720000;0.40250000;5;0.00000000;0.00000000;1.00000000;0.00000000;0.00000000;0.00000000;365
"2026.08.14 08:38:38";"Bybit-Live-4";"Infra Capital Limited";"UST";500;"HK50.s";"Hang Seng Index Cash CFD (HKD)";"STP\CFDs.s\Indices Minor\HK50.s";"HKD";"HKD";"HKD";0;1.000000000000;1.000000000000;0.000000000000;0.000000000000;0.000000000000;0.000000000000;0.000000000000;"PARTIAL";1.00000000;0.10000000;1500.00000000;0.10000000;0.00000000;1;0;25.00;1;4;2;127;2;15;2;-4.11780000;0.42270000;5;0.00000000;0.00000000;1.00000000;0.00000000;0.00000000;0.00000000;365
"2026.08.14 08:38:38";"Bybit-Live-4";"Infra Capital Limited";"UST";500;"SA40.s";"South Africa 40 - CASH";"STP\CFDs.s\Indices Minor\SA40.s";"ZAR";"ZAR";"ZAR";2;0.010000000000;0.010000000000;0.000000000000;0.000000000000;0.000000000000;0.000000000000;0.000000000000;"PARTIAL";1.00000000;0.10000000;1500.00000000;0.10000000;0.00000000;50;0;7226.00;1;4;2;127;2;15;2;-34.27700000;8.10770000;5;0.00000000;0.00000000;1.00000000;0.00000000;0.00000000;0.00000000;365
"2026.08.14 08:38:38";"Bybit-Live-4";"Infra Capital Limited";"UST";500;"SGP20.s";"Singapore 20 Index Cash CFD";"STP\CFDs.s\Indices Minor\SGP20.s";"SGD";"SGD";"SGD";2;0.010000000000;0.010000000000;0.000000000000;0.000000000000;0.000000000000;0.000000000000;0.000000000000;"PARTIAL";1.00000000;0.10000000;1500.00000000;0.10000000;0.00000000;0;0;404.00;1;4;2;127;2;15;2;-0.08690000;0.01230000;5;0.00000000;0.00000000;1.00000000;0.00000000;0.00000000;0.00000000;365
"2026.08.14 08:38:38";"Bybit-Live-4";"Infra Capital Limited";"UST";500;"TWINDEX.s";"Taiwan RIC Index Cash CFD";"STP\CFDs.s\Indices Minor\TWINDEX.s";"USD";"USD";"USD";2;0.010000000000;0.010000000000;0.000000000000;0.000000000000;0.000000000000;0.000000000000;0.000000000000;"PARTIAL";1.00000000;0.10000000;1500.00000000;0.10000000;0.00000000;0;0;420.00;1;4;2;127;2;15;2;-0.48290000;0.00600000;5;0.00000000;0.00000000;1.00000000;0.00000000;0.00000000;0.00000000;365
"2026.08.14 08:38:38";"Bybit-Live-4";"Infra Capital Limited";"UST";500;"US2000.s";"US SMALL CAP 2000 - CASH";"STP\CFDs.s\Indices Minor\US2000.s";"USD";"USD";"USD";2;0.010000000000;0.010000000000;0.010000000000;0.010000000000;0.010000000000;0.000000000000;0.000000000000;"PARTIAL";1.00000000;0.10000000;1500.00000000;0.10000000;0.00000000;50;0;332.00;1;4;2;127;2;15;3;-0.60660000;0.09830000;5;0.00000000;0.00000000;1.00000000;0.00000000;0.00000000;0.00000000;365
"2026.08.14 08:38:38";"Bybit-Live-4";"Infra Capital Limited";"UST";500;"HKTECH.s";"Hang Seng TECH Index CASH CFD  (HKD)";"STP\CFDs.s\Indices Minor\HKTECH.s";"HKD";"HKD";"HKD";2;0.010000000000;0.010000000000;0.000000000000;0.000000000000;0.000000000000;0.000000000000;0.000000000000;"PARTIAL";1.00000000;0.10000000;500.00000000;0.10000000;0.00000000;30;0;1138.00;1;4;2;127;2;15;2;-0.80250000;0.08240000;5;0.00000000;0.00000000;1.00000000;0.00000000;0.00000000;0.00000000;365
"2026.08.14 08:38:38";"Bybit-Live-4";"Infra Capital Limited";"UST";500;"CHINAH.s";"Hong Kong China H-shares Cash";"STP\CFDs.s\Indices Minor\CHINAH.s";"HKD";"HKD";"HKD";2;0.010000000000;0.010000000000;0.000000000000;0.000000000000;0.000000000000;0.000000000000;0.000000000000;"PARTIAL";1.00000000;0.10000000;1500.00000000;0.10000000;0.00000000;50;0;1816.00;1;4;2;127;2;15;2;-1.17510000;0.18780000;5;0.00000000;0.00000000;1.00000000;0.00000000;0.00000000;0.00000000;365
"2026.08.14 08:38:38";"Bybit-Live-4";"Infra Capital Limited";"UST";500;"NETH25.s";"Netherlands 25 Cash";"STP\CFDs.s\Indices Minor\NETH25.s";"EUR";"EUR";"EUR";2;0.010000000000;0.010000000000;0.000000000000;0.000000000000;0.000000000000;0.000000000000;0.000000000000;"PARTIAL";1.00000000;0.10000000;1500.00000000;0.10000000;0.00000000;50;0;384.00;1;4;2;127;2;15;2;-0.12180000;0.01470000;5;0.00000000;0.00000000;1.00000000;0.00000000;0.00000000;0.00000000;365
"2026.08.14 08:38:38";"Bybit-Live-4";"Infra Capital Limited";"UST";500;"SWI20.s";"Switzerland 20 Cash";"STP\CFDs.s\Indices Minor\SWI20.s";"CHF";"CHF";"CHF";2;0.010000000000;0.010000000000;0.000000000000;0.000000000000;0.000000000000;0.000000000000;0.000000000000;"PARTIAL";1.00000000;0.10000000;1500.00000000;0.10000000;0.00000000;50;0;689.00;1;4;2;127;2;15;2;-0.54550000;-0.54550000;5;0.00000000;0.00000000;1.00000000;0.00000000;0.00000000;0.00000000;365
"2026.08.14 08:38:38";"Bybit-Live-4";"Infra Capital Limited";"UST";500;"XAUAUD.s";"Gold vs Australian Dollar";"STP\Gold.s\XAUAUD.s";"AUD";"AUD";"AUD";2;0.010000000000;0.010000000000;0.000000000000;0.000000000000;0.000000000000;0.000000000000;0.000000000000;"PARTIAL";100.00000000;0.01000000;100.00000000;0.01000000;0.00000000;20;0;86.00;1;4;2;127;2;15;1;-93.82000000;63.96000000;3;0.00000000;0.00000000;100.00000000;0.00000000;0.00000000;0.00000000;365
"2026.08.14 08:38:38";"Bybit-Live-4";"Infra Capital Limited";"UST";500;"XAUEUR.s";"Gold / Euro";"STP\Gold.s\XAUEUR.s";"EUR";"EUR";"EUR";2;0.010000000000;0.010000000000;0.000000000000;0.000000000000;0.000000000000;0.000000000000;0.000000000000;"PARTIAL";100.00000000;0.01000000;100.00000000;0.01000000;0.00000000;20;0;56.00;1;4;2;127;2;7;1;-34.97000000;20.47000000;3;0.00000000;0.00000000;100.00000000;0.00000000;0.00000000;0.00000000;365
"2026.08.14 08:38:38";"Bybit-Live-4";"Infra Capital Limited";"UST";500;"XAUJPY.s";"Gold vs Japanese Yen";"STP\Gold.s\XAUJPY.s";"JPY";"JPY";"JPY";0;1.000000000000;1.000000000000;0.000000000000;0.000000000000;0.000000000000;0.000000000000;0.000000000000;"PARTIAL";100.00000000;0.01000000;100.00000000;0.01000000;0.00000000;20;0;92.00;1;4;2;127;2;7;1;-28.91000000;14.11000000;3;0.00000000;0.00000000;100.00000000;0.00000000;0.00000000;0.00000000;365
"2026.08.14 08:38:38";"Bybit-Live-4";"Infra Capital Limited";"UST";500;"Nikkei225.s";"Nikkei Index Cash CFD (JPY)";"STP\Nikkei.s\Nikkei225.s";"JPY";"JPY";"JPY";2;0.010000000000;0.010000000000;0.000000000000;0.000000000000;0.000000000000;0.000000000000;0.000000000000;"PARTIAL";1.00000000;1.00000000;20000.00000000;1.00000000;0.00000000;50;0;2852.00;1;4;2;127;2;15;2;-6.40720000;-1.48500000;5;0.00000000;0.00000000;1.00000000;0.00000000;0.00000000;0.00000000;365
"2026.08.14 08:38:38";"Bybit-Live-4";"Infra Capital Limited";"UST";500;"UKOUSD.s";"Brent Crude Oil Cash";"STP\Oil.s\UKOUSD.s";"USD";"USD";"USD";3;0.001000000000;0.001000000000;0.000000000000;0.000000000000;0.000000000000;0.000000000000;0.000000000000;"PARTIAL";1000.00000000;0.01000000;20.00000000;0.01000000;0.00000000;50;0;26.00;1;4;2;127;2;15;1;32.55860000;-99.10700000;5;0.00000000;0.00000000;1000.00000000;0.00000000;0.00000000;0.00000000;365
"2026.08.14 08:38:38";"Bybit-Live-4";"Infra Capital Limited";"UST";500;"USOUSD.s";"WTI Crude Oil Cash";"STP\Oil.s\USOUSD.s";"USD";"USD";"USD";3;0.001000000000;0.001000000000;0.000000000000;0.000000000000;0.000000000000;0.000000000000;0.000000000000;"PARTIAL";1000.00000000;0.01000000;20.00000000;0.01000000;0.00000000;50;0;26.00;1;4;2;127;2;15;1;3.41560000;-33.98160000;5;0.00000000;0.00000000;1000.00000000;0.00000000;0.00000000;0.00000000;365
"2026.08.14 08:38:38";"Bybit-Live-4";"Infra Capital Limited";"UST";500;"XAGAUD.s";"Silver vs Australian Dollar";"STP\Silver.s\XAGAUD.s";"AUD";"AUD";"AUD";3;0.001000000000;0.001000000000;0.000000000000;0.000000000000;0.000000000000;0.000000000000;0.000000000000;"PARTIAL";5000.00000000;0.01000000;20.00000000;0.01000000;0.00000000;10;0;121.00;1;4;2;127;2;15;1;-14.62000000;9.43000000;3;0.00000000;0.00000000;5000.00000000;0.00000000;0.00000000;0.00000000;365
"2026.08.14 08:38:38";"Bybit-Live-4";"Infra Capital Limited";"UST";500;"XAGUSD.s";"Silver US Dollar";"STP\Silver.s\XAGUSD.s";"USD";"USD";"USD";3;0.001000000000;0.001000000000;0.000000000000;0.000000000000;0.000000000000;0.000000000000;0.000000000000;"PARTIAL";5000.00000000;0.01000000;20.00000000;0.01000000;0.00000000;10;0;47.00;1;4;2;127;2;15;1;-23.62000000;1.07000000;3;0.00000000;0.00000000;5000.00000000;0.00000000;0.00000000;0.00000000;365
"2026.08.14 08:38:38";"Bybit-Live-4";"Infra Capital Limited";"UST";500;"AALG.s";"AMERICAN AIRLINES GROUP INC";"STP\Stocks.s\US.s\AALG.s";"USD";"USD";"USD";2;0.010000000000;0.010000000000;0.000000000000;0.000000000000;0.000000000000;0.000000000000;0.000000000000;"PARTIAL";1.00000000;0.10000000;1000.00000000;0.10000000;0.00000000;0;0;33.00;1;4;2;127;2;15;5;-6.82000000;0.50000000;5;0.00000000;0.00000000;1.00000000;0.00000000;0.00000000;0.00000000;365
"2026.08.14 08:38:38";"Bybit-Live-4";"Infra Capital Limited";"UST";500;"AAPL.s";"Apple Inc.";"STP\Stocks.s\US.s\AAPL.s";"USD";"USD";"USD";2;0.010000000000;0.010000000000;0.000000000000;0.000000000000;0.000000000000;0.000000000000;0.000000000000;"PARTIAL";1.00000000;0.10000000;1500.00000000;0.10000000;0.00000000;0;0;35.00;1;4;2;127;2;15;5;-7.41000000;1.09000000;5;0.00000000;0.00000000;1.00000000;0.00000000;0.00000000;0.00000000;365
"2026.08.14 08:38:38";"Bybit-Live-4";"Infra Capital Limited";"UST";500;"ABBVIE.s";"ABBVIE INC";"STP\Stocks.s\US.s\ABBVIE.s";"USD";"USD";"USD";2;0.010000000000;0.010000000000;0.000000000000;0.000000000000;0.000000000000;0.000000000000;0.000000000000;"PARTIAL";1.00000000;0.10000000;1000.00000000;0.10000000;0.00000000;0;0;45.00;1;4;2;127;2;15;5;-6.82000000;0.50000000;5;0.00000000;0.00000000;1.00000000;0.00000000;0.00000000;0.00000000;365
"2026.08.14 08:38:38";"Bybit-Live-4";"Infra Capital Limited";"UST";500;"ABNB.s";"Airbnb Inc";"STP\Stocks.s\US.s\ABNB.s";"USD";"USD";"USD";2;0.010000000000;0.010000000000;0.000000000000;0.000000000000;0.000000000000;0.000000000000;0.000000000000;"PARTIAL";1.00000000;0.10000000;1000.00000000;0.10000000;0.00000000;0;0;38.00;1;4;2;127;2;15;5;-6.82000000;0.50000000;5;0.00000000;0.00000000;1.00000000;0.00000000;0.00000000;0.00000000;365
"2026.08.14 08:38:38";"Bybit-Live-4";"Infra Capital Limited";"UST";500;"ALIBABA.s";"ALIBABA GROUP HOLDING-SP ADR";"STP\Stocks.s\US.s\ALIBABA.s";"USD";"USD";"USD";2;0.010000000000;0.010000000000;0.000000000000;0.000000000000;0.000000000000;0.000000000000;0.000000000000;"PARTIAL";1.00000000;0.10000000;1500.00000000;0.10000000;0.00000000;0;0;38.00;1;4;2;127;2;15;5;-7.41000000;1.09000000;5;0.00000000;0.00000000;1.00000000;0.00000000;0.00000000;0.00000000;365
"2026.08.14 08:38:38";"Bybit-Live-4";"Infra Capital Limited";"UST";500;"AMAT.s";"Applied Materials Inc";"STP\Stocks.s\US.s\AMAT.s";"USD";"USD";"USD";2;0.010000000000;0.010000000000;0.000000000000;0.000000000000;0.000000000000;0.000000000000;0.000000000000;"PARTIAL";1.00000000;0.10000000;1000.00000000;0.10000000;0.00000000;0;0;38.00;1;4;2;127;2;15;5;-6.82000000;0.50000000;5;0.00000000;0.00000000;1.00000000;0.00000000;0.00000000;0.00000000;365
"2026.08.14 08:38:38";"Bybit-Live-4";"Infra Capital Limited";"UST";500;"AMAZON.s";"AMAZON.COM INC";"STP\Stocks.s\US.s\AMAZON.s";"USD";"USD";"USD";2;0.010000000000;0.010000000000;0.000000000000;0.000000000000;0.000000000000;0.000000000000;0.000000000000;"PARTIAL";1.00000000;0.10000000;1500.00000000;0.10000000;0.00000000;0;0;37.00;1;4;2;127;2;15;5;-7.41000000;1.09000000;5;0.00000000;0.00000000;1.00000000;0.00000000;0.00000000;0.00000000;365
"2026.08.14 08:38:38";"Bybit-Live-4";"Infra Capital Limited";"UST";500;"AT&T.s";"AT&T INC";"STP\Stocks.s\US.s\AT&T.s";"USD";"USD";"USD";2;0.010000000000;0.010000000000;0.000000000000;0.000000000000;0.000000000000;0.000000000000;0.000000000000;"PARTIAL";1.00000000;0.10000000;1000.00000000;0.10000000;0.00000000;0;0;33.00;1;4;2;127;2;15;5;-6.82000000;0.50000000;5;0.00000000;0.00000000;1.00000000;0.00000000;0.00000000;0.00000000;365
"2026.08.14 08:38:38";"Bybit-Live-4";"Infra Capital Limited";"UST";500;"AVGO.s";"Broadcom Inc";"STP\Stocks.s\US.s\AVGO.s";"USD";"USD";"USD";2;0.010000000000;0.010000000000;0.000000000000;0.000000000000;0.000000000000;0.000000000000;0.000000000000;"PARTIAL";1.00000000;0.10000000;1500.00000000;0.10000000;0.00000000;0;0;75.00;1;4;2;127;2;15;5;-7.41000000;1.09000000;5;0.00000000;0.00000000;1.00000000;0.00000000;0.00000000;0.00000000;365
"2026.08.14 08:38:38";"Bybit-Live-4";"Infra Capital Limited";"UST";500;"AXP.s";"American Express Co";"STP\Stocks.s\US.s\AXP.s";"USD";"USD";"USD";2;0.010000000000;0.010000000000;0.000000000000;0.000000000000;0.000000000000;0.000000000000;0.000000000000;"PARTIAL";1.00000000;0.10000000;1000.00000000;0.10000000;0.00000000;0;0;46.00;1;4;2;127;2;15;5;-6.82000000;0.50000000;5;0.00000000;0.00000000;1.00000000;0.00000000;0.00000000;0.00000000;365
"2026.08.14 08:38:38";"Bybit-Live-4";"Infra Capital Limited";"UST";500;"BAC.s";"BANK OF AMERICA CORP";"STP\Stocks.s\US.s\BAC.s";"USD";"USD";"USD";2;0.010000000000;0.010000000000;0.000000000000;0.000000000000;0.000000000000;0.000000000000;0.000000000000;"PARTIAL";1.00000000;0.10000000;1000.00000000;0.10000000;0.00000000;0;0;34.00;1;4;2;127;2;15;5;-6.82000000;0.50000000;5;0.00000000;0.00000000;1.00000000;0.00000000;0.00000000;0.00000000;365
"2026.08.14 08:38:38";"Bybit-Live-4";"Infra Capital Limited";"UST";500;"BAIDU.s";"BAIDU INC - SPON ADR";"STP\Stocks.s\US.s\BAIDU.s";"USD";"USD";"USD";2;0.010000000000;0.010000000000;0.000000000000;0.000000000000;0.000000000000;0.000000000000;0.000000000000;"PARTIAL";1.00000000;0.10000000;1000.00000000;0.10000000;0.00000000;0;0;31.00;1;4;2;127;2;15;5;-6.82000000;0.50000000;5;0.00000000;0.00000000;1.00000000;0.00000000;0.00000000;0.00000000;365
"2026.08.14 08:38:38";"Bybit-Live-4";"Infra Capital Limited";"UST";500;"BLSH.s";"Bullish Inc.";"STP\Stocks.s\US.s\BLSH.s";"USD";"USD";"USD";2;0.010000000000;0.010000000000;0.000000000000;0.000000000000;0.000000000000;0.000000000000;0.000000000000;"PARTIAL";1.00000000;0.10000000;1000.00000000;0.10000000;0.00000000;0;0;35.00;1;4;2;127;2;15;5;-6.82000000;0.50000000;5;0.00000000;0.00000000;1.00000000;0.00000000;0.00000000;0.00000000;365
"2026.08.14 08:38:38";"Bybit-Live-4";"Infra Capital Limited";"UST";500;"BMNR.s";"BitMine Immersion Technologies Inc";"STP\Stocks.s\US.s\BMNR.s";"USD";"USD";"USD";2;0.010000000000;0.010000000000;0.000000000000;0.000000000000;0.000000000000;0.000000000000;0.000000000000;"PARTIAL";1.00000000;0.10000000;1000.00000000;0.10000000;0.00000000;0;0;33.00;1;4;2;127;2;15;5;-6.82000000;0.50000000;5;0.00000000;0.00000000;1.00000000;0.00000000;0.00000000;0.00000000;365
"2026.08.14 08:38:38";"Bybit-Live-4";"Infra Capital Limited";"UST";500;"BNTX.s";"BIONTECH SE-ADR";"STP\Stocks.s\US.s\BNTX.s";"USD";"USD";"USD";2;0.010000000000;0.010000000000;0.000000000000;0.000000000000;0.000000000000;0.000000000000;0.000000000000;"PARTIAL";1.00000000;0.10000000;1000.00000000;0.10000000;0.00000000;0;0;43.00;1;4;2;127;2;15;5;-6.82000000;0.50000000;5;0.00000000;0.00000000;1.00000000;0.00000000;0.00000000;0.00000000;365
"2026.08.14 08:38:38";"Bybit-Live-4";"Infra Capital Limited";"UST";500;"BOEING.s";"BOEING CO/THE";"STP\Stocks.s\US.s\BOEING.s";"USD";"USD";"USD";2;0.010000000000;0.010000000000;0.000000000000;0.000000000000;0.000000000000;0.000000000000;0.000000000000;"PARTIAL";1.00000000;0.10000000;1000.00000000;0.10000000;0.00000000;0;0;32.00;1;4;2;127;2;15;5;-6.82000000;0.50000000;5;0.00000000;0.00000000;1.00000000;0.00000000;0.00000000;0.00000000;365
"2026.08.14 08:38:38";"Bybit-Live-4";"Infra Capital Limited";"UST";500;"BUD.s";"ANHEUSER-BUSCH INBEV SPN ADR";"STP\Stocks.s\US.s\BUD.s";"USD";"USD";"USD";2;0.010000000000;0.010000000000;0.000000000000;0.000000000000;0.000000000000;0.000000000000;0.000000000000;"PARTIAL";1.00000000;0.10000000;1000.00000000;0.10000000;0.00000000;0;0;36.00;1;4;2;127;2;15;5;-6.82000000;0.50000000;5;0.00000000;0.00000000;1.00000000;0.00000000;0.00000000;0.00000000;365
"2026.08.14 08:38:38";"Bybit-Live-4";"Infra Capital Limited";"UST";500;"CAT.s";"Caterpillar Inc";"STP\Stocks.s\US.s\CAT.s";"USD";"USD";"USD";2;0.010000000000;0.010000000000;0.000000000000;0.000000000000;0.000000000000;0.000000000000;0.000000000000;"PARTIAL";1.00000000;0.10000000;1000.00000000;0.10000000;0.00000000;0;0;88.00;1;4;2;127;2;15;5;-6.82000000;0.50000000;5;0.00000000;0.00000000;1.00000000;0.00000000;0.00000000;0.00000000;365
"2026.08.14 08:38:38";"Bybit-Live-4";"Infra Capital Limited";"UST";500;"CISCO.s";"CISCO SYSTEMS INC";"STP\Stocks.s\US.s\CISCO.s";"USD";"USD";"USD";2;0.010000000000;0.010000000000;0.000000000000;0.000000000000;0.000000000000;0.000000000000;0.000000000000;"PARTIAL";1.00000000;0.10000000;1000.00000000;0.10000000;0.00000000;0;0;34.00;1;4;2;127;2;15;5;-6.82000000;0.50000000;5;0.00000000;0.00000000;1.00000000;0.00000000;0.00000000;0.00000000;365
"2026.08.14 08:38:38";"Bybit-Live-4";"Infra Capital Limited";"UST";500;"CITI.s";"CITIGROUP INC";"STP\Stocks.s\US.s\CITI.s";"USD";"USD";"USD";2;0.010000000000;0.010000000000;0.000000000000;0.000000000000;0.000000000000;0.000000000000;0.000000000000;"PARTIAL";1.00000000;0.10000000;1000.00000000;0.10000000;0.00000000;0;0;36.00;1;4;2;127;2;15;5;-6.82000000;0.50000000;5;0.00000000;0.00000000;1.00000000;0.00000000;0.00000000;0.00000000;365
"2026.08.14 08:38:38";"Bybit-Live-4";"Infra Capital Limited";"UST";500;"CLS.s";"Celestica Inc";"STP\Stocks.s\US.s\CLS.s";"USD";"USD";"USD";2;0.010000000000;0.010000000000;0.000000000000;0.000000000000;0.000000000000;0.000000000000;0.000000000000;"PARTIAL";1.00000000;0.10000000;1000.00000000;0.10000000;0.00000000;0;0;52.00;1;4;2;127;2;15;5;-6.82000000;0.50000000;5;0.00000000;0.00000000;1.00000000;0.00000000;0.00000000;0.00000000;365
"2026.08.14 08:38:38";"Bybit-Live-4";"Infra Capital Limited";"UST";500;"CLSK.s";"CleanSpark Inc";"STP\Stocks.s\US.s\CLSK.s";"USD";"USD";"USD";2;0.010000000000;0.010000000000;0.000000000000;0.000000000000;0.000000000000;0.000000000000;0.000000000000;"PARTIAL";1.00000000;0.10000000;1500.00000000;0.10000000;0.00000000;0;0;33.00;1;4;2;127;2;15;5;-7.41000000;1.09000000;5;0.00000000;0.00000000;1.00000000;0.00000000;0.00000000;0.00000000;365
"2026.08.14 08:38:38";"Bybit-Live-4";"Infra Capital Limited";"UST";500;"CMCSA.s";"COMCAST CORP-CLASS A";"STP\Stocks.s\US.s\CMCSA.s";"USD";"USD";"USD";2;0.010000000000;0.010000000000;0.000000000000;0.000000000000;0.000000000000;0.000000000000;0.000000000000;"PARTIAL";1.00000000;0.10000000;1000.00000000;0.10000000;0.00000000;0;0;34.00;1;4;2;127;2;15;5;-6.82000000;0.50000000;5;0.00000000;0.00000000;1.00000000;0.00000000;0.00000000;0.00000000;365
"2026.08.14 08:38:38";"Bybit-Live-4";"Infra Capital Limited";"UST";500;"COIN.s";"COINBASE GLOBAL INC -CLASS A";"STP\Stocks.s\US.s\COIN.s";"USD";"USD";"USD";2;0.010000000000;0.010000000000;0.000000000000;0.000000000000;0.000000000000;0.000000000000;0.000000000000;"PARTIAL";1.00000000;0.10000000;1500.00000000;0.10000000;0.00000000;0;0;65.00;1;4;2;127;2;15;5;-7.41000000;1.09000000;5;0.00000000;0.00000000;1.00000000;0.00000000;0.00000000;0.00000000;365
"2026.08.14 08:38:38";"Bybit-Live-4";"Infra Capital Limited";"UST";500;"CRCL.s";"Circle Internet Group Inc";"STP\Stocks.s\US.s\CRCL.s";"USD";"USD";"USD";2;0.010000000000;0.010000000000;0.000000000000;0.000000000000;0.000000000000;0.000000000000;0.000000000000;"PARTIAL";1.00000000;0.10000000;1500.00000000;0.10000000;0.00000000;0;0;43.00;1;4;2;127;2;15;5;-6.82000000;0.50000000;5;0.00000000;0.00000000;1.00000000;0.00000000;0.00000000;0.00000000;365
"2026.08.14 08:38:38";"Bybit-Live-4";"Infra Capital Limited";"UST";500;"CRDO.s";"Credo Technology Group Holding Ltd";"STP\Stocks.s\US.s\CRDO.s";"USD";"USD";"USD";2;0.010000000000;0.010000000000;0.000000000000;0.000000000000;0.000000000000;0.000000000000;0.000000000000;"PARTIAL";1.00000000;0.10000000;1000.00000000;0.10000000;0.00000000;0;0;44.00;1;4;2;127;2;15;5;-6.82000000;0.50000000;5;0.00000000;0.00000000;1.00000000;0.00000000;0.00000000;0.00000000;365
"2026.08.14 08:38:38";"Bybit-Live-4";"Infra Capital Limited";"UST";500;"CRM.s";"SALESFORCE.COM INC";"STP\Stocks.s\US.s\CRM.s";"USD";"USD";"USD";2;0.010000000000;0.010000000000;0.000000000000;0.000000000000;0.000000000000;0.000000000000;0.000000000000;"PARTIAL";1.00000000;0.10000000;1000.00000000;0.10000000;0.00000000;0;0;42.00;1;4;2;127;2;15;5;-6.82000000;0.50000000;5;0.00000000;0.00000000;1.00000000;0.00000000;0.00000000;0.00000000;365
"2026.08.14 08:38:38";"Bybit-Live-4";"Infra Capital Limited";"UST";500;"CVX.s";"CHEVRON CORP";"STP\Stocks.s\US.s\CVX.s";"USD";"USD";"USD";2;0.010000000000;0.010000000000;0.000000000000;0.000000000000;0.000000000000;0.000000000000;0.000000000000;"PARTIAL";1.00000000;0.10000000;1000.00000000;0.10000000;0.00000000;0;0;43.00;1;4;2;127;2;15;5;-6.82000000;0.50000000;5;0.00000000;0.00000000;1.00000000;0.00000000;0.00000000;0.00000000;365
"2026.08.14 08:38:38";"Bybit-Live-4";"Infra Capital Limited";"UST";500;"DAVE.s";"Dave Inc";"STP\Stocks.s\US.s\DAVE.s";"USD";"USD";"USD";2;0.010000000000;0.010000000000;0.000000000000;0.000000000000;0.000000000000;0.000000000000;0.000000000000;"PARTIAL";1.00000000;0.10000000;1000.00000000;0.10000000;0.00000000;0;0;92.00;1;4;2;127;2;15;5;-6.82000000;0.50000000;5;0.00000000;0.00000000;1.00000000;0.00000000;0.00000000;0.00000000;365
"2026.08.14 08:38:38";"Bybit-Live-4";"Infra Capital Limited";"UST";500;"DISNEY.s";"WALT DISNEY CO/THE";"STP\Stocks.s\US.s\DISNEY.s";"USD";"USD";"USD";2;0.010000000000;0.010000000000;0.000000000000;0.000000000000;0.000000000000;0.000000000000;0.000000000000;"PARTIAL";1.00000000;0.10000000;1000.00000000;0.10000000;0.00000000;0;0;30.00;1;4;2;127;2;15;5;-6.82000000;0.50000000;5;0.00000000;0.00000000;1.00000000;0.00000000;0.00000000;0.00000000;365
"2026.08.14 08:38:38";"Bybit-Live-4";"Infra Capital Limited";"UST";500;"EXXON.s";"EXXON MOBIL CORP";"STP\Stocks.s\US.s\EXXON.s";"USD";"USD";"USD";2;0.010000000000;0.010000000000;0.000000000000;0.000000000000;0.000000000000;0.000000000000;0.000000000000;"PARTIAL";1.00000000;0.10000000;1000.00000000;0.10000000;0.00000000;0;0;31.00;1;4;2;127;2;15;5;-6.82000000;0.50000000;5;0.00000000;0.00000000;1.00000000;0.00000000;0.00000000;0.00000000;365
"2026.08.14 08:38:38";"Bybit-Live-4";"Infra Capital Limited";"UST";500;"F.s";"Ford Motor Co";"STP\Stocks.s\US.s\F.s";"USD";"USD";"USD";2;0.010000000000;0.010000000000;0.000000000000;0.000000000000;0.000000000000;0.000000000000;0.000000000000;"PARTIAL";1.00000000;0.10000000;1000.00000000;0.10000000;0.00000000;0;0;33.00;1;4;2;127;2;15;5;-6.82000000;0.50000000;5;0.00000000;0.00000000;1.00000000;0.00000000;0.00000000;0.00000000;365
"2026.08.14 08:38:38";"Bybit-Live-4";"Infra Capital Limited";"UST";500;"FIG.s";"Figma Inc";"STP\Stocks.s\US.s\FIG.s";"USD";"USD";"USD";2;0.010000000000;0.010000000000;0.000000000000;0.000000000000;0.000000000000;0.000000000000;0.000000000000;"PARTIAL";1.00000000;0.10000000;1000.00000000;0.10000000;0.00000000;0;0;33.00;1;4;2;127;2;15;5;-6.82000000;0.50000000;5;0.00000000;0.00000000;1.00000000;0.00000000;0.00000000;0.00000000;365
"2026.08.14 08:38:38";"Bybit-Live-4";"Infra Capital Limited";"UST";500;"FUTU.s";"Futu Holdings Ltd";"STP\Stocks.s\US.s\FUTU.s";"USD";"USD";"USD";2;0.010000000000;0.010000000000;0.000000000000;0.000000000000;0.000000000000;0.000000000000;0.000000000000;"PARTIAL";1.00000000;0.10000000;1000.00000000;0.10000000;0.00000000;0;0;44.00;1;4;2;127;2;15;5;-6.82000000;0.50000000;5;0.00000000;0.00000000;1.00000000;0.00000000;0.00000000;0.00000000;365
"2026.08.14 08:38:38";"Bybit-Live-4";"Infra Capital Limited";"UST";500;"GLXY.s";"Galaxy Digital Inc.";"STP\Stocks.s\US.s\GLXY.s";"USD";"USD";"USD";2;0.010000000000;0.010000000000;0.000000000000;0.000000000000;0.000000000000;0.000000000000;0.000000000000;"PARTIAL";1.00000000;0.10000000;1000.00000000;0.10000000;0.00000000;0;0;30.00;1;4;2;127;2;15;5;-6.82000000;0.50000000;5;0.00000000;0.00000000;1.00000000;0.00000000;0.00000000;0.00000000;365
"2026.08.14 08:38:38";"Bybit-Live-4";"Infra Capital Limited";"UST";500;"GOOG.s";"ALPHABET INC-CL C";"STP\Stocks.s\US.s\GOOG.s";"USD";"USD";"USD";2;0.010000000000;0.010000000000;0.000000000000;0.000000000000;0.000000000000;0.000000000000;0.000000000000;"PARTIAL";1.00000000;0.10000000;1500.00000000;0.10000000;0.00000000;0;0;38.00;1;4;2;127;2;15;5;-7.41000000;1.09000000;5;0.00000000;0.00000000;1.00000000;0.00000000;0.00000000;0.00000000;365
"2026.08.14 08:38:38";"Bybit-Live-4";"Infra Capital Limited";"UST";500;"GS.s";"Goldman Sachs Group Inc";"STP\Stocks.s\US.s\GS.s";"USD";"USD";"USD";2;0.010000000000;0.010000000000;0.000000000000;0.000000000000;0.000000000000;0.000000000000;0.000000000000;"PARTIAL";1.00000000;0.10000000;1000.00000000;0.10000000;0.00000000;0;0;99.00;1;4;2;127;2;15;5;-6.82000000;0.50000000;5;0.00000000;0.00000000;1.00000000;0.00000000;0.00000000;0.00000000;365
"2026.08.14 08:38:38";"Bybit-Live-4";"Infra Capital Limited";"UST";500;"HD.s";"HOME DEPOT INC";"STP\Stocks.s\US.s\HD.s";"USD";"USD";"USD";2;0.010000000000;0.010000000000;0.000000000000;0.000000000000;0.000000000000;0.000000000000;0.000000000000;"PARTIAL";1.00000000;0.10000000;1000.00000000;0.10000000;0.00000000;0;0;54.00;1;4;2;127;2;15;5;-6.82000000;0.50000000;5;0.00000000;0.00000000;1.00000000;0.00000000;0.00000000;0.00000000;365
"2026.08.14 08:38:38";"Bybit-Live-4";"Infra Capital Limited";"UST";500;"HON.s";"HONEYWELL INTERNATIONAL INC";"STP\Stocks.s\US.s\HON.s";"USD";"USD";"USD";2;0.010000000000;0.010000000000;0.000000000000;0.000000000000;0.000000000000;0.000000000000;0.000000000000;"PARTIAL";1.00000000;0.10000000;1000.00000000;0.10000000;0.00000000;0;0;46.00;1;4;2;127;2;15;5;-6.82000000;0.50000000;5;0.00000000;0.00000000;1.00000000;0.00000000;0.00000000;0.00000000;365
"2026.08.14 08:38:38";"Bybit-Live-4";"Infra Capital Limited";"UST";500;"HOOD.s";"ROBINHOOD MARKETS INC - A";"STP\Stocks.s\US.s\HOOD.s";"USD";"USD";"USD";2;0.010000000000;0.010000000000;0.000000000000;0.000000000000;0.000000000000;0.000000000000;0.000000000000;"PARTIAL";1.00000000;0.10000000;1000.00000000;0.10000000;0.00000000;0;0;33.00;1;4;2;127;2;15;5;-6.82000000;0.50000000;5;0.00000000;0.00000000;1.00000000;0.00000000;0.00000000;0.00000000;365
"2026.08.14 08:38:38";"Bybit-Live-4";"Infra Capital Limited";"UST";500;"HSBCn.s";"HSBC HOLDINGS PLC-SPONS ADR";"STP\Stocks.s\US.s\HSBCn.s";"USD";"USD";"USD";2;0.010000000000;0.010000000000;0.000000000000;0.000000000000;0.000000000000;0.000000000000;0.000000000000;"PARTIAL";1.00000000;0.10000000;1000.00000000;0.10000000;0.00000000;0;0;34.00;1;4;2;127;2;15;5;-6.82000000;0.50000000;5;0.00000000;0.00000000;1.00000000;0.00000000;0.00000000;0.00000000;365
"2026.08.14 08:38:38";"Bybit-Live-4";"Infra Capital Limited";"UST";500;"HUT.s";"Hut 8 Mining Corp";"STP\Stocks.s\US.s\HUT.s";"USD";"USD";"USD";2;0.010000000000;0.010000000000;0.000000000000;0.000000000000;0.000000000000;0.000000000000;0.000000000000;"PARTIAL";1.00000000;0.10000000;1000.00000000;0.10000000;0.00000000;0;0;35.00;1;4;2;127;2;15;5;-6.82000000;0.50000000;5;0.00000000;0.00000000;1.00000000;0.00000000;0.00000000;0.00000000;365
"2026.08.14 08:38:38";"Bybit-Live-4";"Infra Capital Limited";"UST";500;"IBM.s";"INTL BUSINESS MACHINES CORP";"STP\Stocks.s\US.s\IBM.s";"USD";"USD";"USD";2;0.010000000000;0.010000000000;0.000000000000;0.000000000000;0.000000000000;0.000000000000;0.000000000000;"PARTIAL";1.00000000;0.10000000;1000.00000000;0.10000000;0.00000000;0;0;44.00;1;4;2;127;2;15;5;-6.82000000;0.50000000;5;0.00000000;0.00000000;1.00000000;0.00000000;0.00000000;0.00000000;365
"2026.08.14 08:38:38";"Bybit-Live-4";"Infra Capital Limited";"UST";500;"INSM.s";"Insmed Incorporated";"STP\Stocks.s\US.s\INSM.s";"USD";"USD";"USD";2;0.010000000000;0.010000000000;0.000000000000;0.000000000000;0.000000000000;0.000000000000;0.000000000000;"PARTIAL";1.00000000;0.10000000;1000.00000000;0.10000000;0.00000000;0;0;39.00;1;4;2;127;2;15;5;-6.82000000;0.50000000;5;0.00000000;0.00000000;1.00000000;0.00000000;0.00000000;0.00000000;365
"2026.08.14 08:38:38";"Bybit-Live-4";"Infra Capital Limited";"UST";500;"INTEL.s";"INTEL CORP";"STP\Stocks.s\US.s\INTEL.s";"USD";"USD";"USD";2;0.010000000000;0.010000000000;0.000000000000;0.000000000000;0.000000000000;0.000000000000;0.000000000000;"PARTIAL";1.00000000;0.10000000;1500.00000000;0.10000000;0.00000000;0;0;34.00;1;4;2;127;2;15;5;-7.41000000;1.09000000;5;0.00000000;0.00000000;1.00000000;0.00000000;0.00000000;0.00000000;365
"2026.08.14 08:38:38";"Bybit-Live-4";"Infra Capital Limited";"UST";500;"JD.s";"JD.COM INC-ADR";"STP\Stocks.s\US.s\JD.s";"USD";"USD";"USD";2;0.010000000000;0.010000000000;0.000000000000;0.000000000000;0.000000000000;0.000000000000;0.000000000000;"PARTIAL";1.00000000;0.10000000;1500.00000000;0.10000000;0.00000000;0;0;39.00;1;4;2;127;2;15;5;-7.41000000;1.09000000;5;0.00000000;0.00000000;1.00000000;0.00000000;0.00000000;0.00000000;365
"2026.08.14 08:38:38";"Bybit-Live-4";"Infra Capital Limited";"UST";500;"JNJ.s";"JOHNSON & JOHNSON";"STP\Stocks.s\US.s\JNJ.s";"USD";"USD";"USD";2;0.010000000000;0.010000000000;0.000000000000;0.000000000000;0.000000000000;0.000000000000;0.000000000000;"PARTIAL";1.00000000;0.10000000;1000.00000000;0.10000000;0.00000000;0;0;45.00;1;4;2;127;2;15;5;-6.82000000;0.50000000;5;0.00000000;0.00000000;1.00000000;0.00000000;0.00000000;0.00000000;365
"2026.08.14 08:38:38";"Bybit-Live-4";"Infra Capital Limited";"UST";500;"JPM.s";"JPMORGAN CHASE & CO";"STP\Stocks.s\US.s\JPM.s";"USD";"USD";"USD";2;0.010000000000;0.010000000000;0.000000000000;0.000000000000;0.000000000000;0.000000000000;0.000000000000;"PARTIAL";1.00000000;0.10000000;1000.00000000;0.10000000;0.00000000;0;0;34.00;1;4;2;127;2;15;5;-6.82000000;0.50000000;5;0.00000000;0.00000000;1.00000000;0.00000000;0.00000000;0.00000000;365
"2026.08.14 08:38:38";"Bybit-Live-4";"Infra Capital Limited";"UST";500;"KO.s";"COCA-COLA CO/THE";"STP\Stocks.s\US.s\KO.s";"USD";"USD";"USD";2;0.010000000000;0.010000000000;0.000000000000;0.000000000000;0.000000000000;0.000000000000;0.000000000000;"PARTIAL";1.00000000;0.10000000;1000.00000000;0.10000000;0.00000000;0;0;36.00;1;4;2;127;2;15;5;-6.82000000;0.50000000;5;0.00000000;0.00000000;1.00000000;0.00000000;0.00000000;0.00000000;365
"2026.08.14 08:38:38";"Bybit-Live-4";"Infra Capital Limited";"UST";500;"LI.s";"LI AUTO INC - ADR";"STP\Stocks.s\US.s\LI.s";"USD";"USD";"USD";2;0.010000000000;0.010000000000;0.000000000000;0.000000000000;0.000000000000;0.000000000000;0.000000000000;"PARTIAL";1.00000000;0.10000000;1000.00000000;0.10000000;0.00000000;0;0;33.00;1;4;2;127;2;15;5;-6.82000000;0.50000000;5;0.00000000;0.00000000;1.00000000;0.00000000;0.00000000;0.00000000;365
"2026.08.14 08:38:38";"Bybit-Live-4";"Infra Capital Limited";"UST";500;"LMT.s";"Lockheed Martin Corp";"STP\Stocks.s\US.s\LMT.s";"USD";"USD";"USD";2;0.010000000000;0.010000000000;0.000000000000;0.000000000000;0.000000000000;0.000000000000;0.000000000000;"PARTIAL";1.00000000;0.10000000;1000.00000000;0.10000000;0.00000000;0;0;75.00;1;4;2;127;2;15;5;-6.82000000;0.50000000;5;0.00000000;0.00000000;1.00000000;0.00000000;0.00000000;0.00000000;365
"2026.08.14 08:38:38";"Bybit-Live-4";"Infra Capital Limited";"UST";500;"LULU.s";"LULULEMON ATHLETICA INC";"STP\Stocks.s\US.s\LULU.s";"USD";"USD";"USD";2;0.010000000000;0.010000000000;0.000000000000;0.000000000000;0.000000000000;0.000000000000;0.000000000000;"PARTIAL";1.00000000;0.10000000;1000.00000000;0.10000000;0.00000000;0;0;50.00;1;4;2;127;2;15;5;-6.82000000;0.50000000;5;0.00000000;0.00000000;1.00000000;0.00000000;0.00000000;0.00000000;365
"2026.08.14 08:38:38";"Bybit-Live-4";"Infra Capital Limited";"UST";500;"MA.s";"MASTERCARD INC - A";"STP\Stocks.s\US.s\MA.s";"USD";"USD";"USD";2;0.010000000000;0.010000000000;0.000000000000;0.000000000000;0.000000000000;0.000000000000;0.000000000000;"PARTIAL";1.00000000;0.10000000;1000.00000000;0.10000000;0.00000000;0;0;83.00;1;4;2;127;2;15;5;-6.82000000;0.50000000;5;0.00000000;0.00000000;1.00000000;0.00000000;0.00000000;0.00000000;365
"2026.08.14 08:38:38";"Bybit-Live-4";"Infra Capital Limited";"UST";500;"MARA.s";"Marathon Digital Holdings, Inc";"STP\Stocks.s\US.s\MARA.s";"USD";"USD";"USD";2;0.010000000000;0.010000000000;0.000000000000;0.000000000000;0.000000000000;0.000000000000;0.000000000000;"PARTIAL";1.00000000;0.10000000;1500.00000000;0.10000000;0.00000000;0;0;36.00;1;4;2;127;2;15;5;-7.41000000;1.09000000;5;0.00000000;0.00000000;1.00000000;0.00000000;0.00000000;0.00000000;365
"2026.08.14 08:38:38";"Bybit-Live-4";"Infra Capital Limited";"UST";500;"MCD.s";"MCDONALD'S CORP";"STP\Stocks.s\US.s\MCD.s";"USD";"USD";"USD";2;0.010000000000;0.010000000000;0.000000000000;0.000000000000;0.000000000000;0.000000000000;0.000000000000;"PARTIAL";1.00000000;0.10000000;1000.00000000;0.10000000;0.00000000;0;0;47.00;1;4;2;127;2;15;5;-6.82000000;0.50000000;5;0.00000000;0.00000000;1.00000000;0.00000000;0.00000000;0.00000000;365
"2026.08.14 08:38:38";"Bybit-Live-4";"Infra Capital Limited";"UST";500;"META.s";"Meta Platforms Inc";"STP\Stocks.s\US.s\META.s";"USD";"USD";"USD";2;0.010000000000;0.010000000000;0.000000000000;0.000000000000;0.000000000000;0.000000000000;0.000000000000;"PARTIAL";1.00000000;0.10000000;1500.00000000;0.10000000;0.00000000;0;0;63.00;1;4;2;127;2;15;5;-7.41000000;1.09000000;5;0.00000000;0.00000000;1.00000000;0.00000000;0.00000000;0.00000000;365
"2026.08.14 08:38:38";"Bybit-Live-4";"Infra Capital Limited";"UST";500;"MMM.s";"3M CO";"STP\Stocks.s\US.s\MMM.s";"USD";"USD";"USD";2;0.010000000000;0.010000000000;0.000000000000;0.000000000000;0.000000000000;0.000000000000;0.000000000000;"PARTIAL";1.00000000;0.10000000;1000.00000000;0.10000000;0.00000000;0;0;42.00;1;4;2;127;2;15;5;-6.82000000;0.50000000;5;0.00000000;0.00000000;1.00000000;0.00000000;0.00000000;0.00000000;365
"2026.08.14 08:38:38";"Bybit-Live-4";"Infra Capital Limited";"UST";500;"MRNA.s";"MODERNA INC";"STP\Stocks.s\US.s\MRNA.s";"USD";"USD";"USD";2;0.010000000000;0.010000000000;0.000000000000;0.000000000000;0.000000000000;0.000000000000;0.000000000000;"PARTIAL";1.00000000;0.10000000;1000.00000000;0.10000000;0.00000000;0;0;39.00;1;4;2;127;2;15;5;-6.82000000;0.50000000;5;0.00000000;0.00000000;1.00000000;0.00000000;0.00000000;0.00000000;365
"2026.08.14 08:38:38";"Bybit-Live-4";"Infra Capital Limited";"UST";500;"MSFT.s";"MICROSOFT  CORP";"STP\Stocks.s\US.s\MSFT.s";"USD";"USD";"USD";2;0.010000000000;0.010000000000;0.000000000000;0.000000000000;0.000000000000;0.000000000000;0.000000000000;"PARTIAL";1.00000000;0.10000000;1000.00000000;0.10000000;0.00000000;0;0;39.00;1;4;2;127;2;15;5;-6.82000000;0.50000000;5;0.00000000;0.00000000;1.00000000;0.00000000;0.00000000;0.00000000;365
"2026.08.14 08:38:38";"Bybit-Live-4";"Infra Capital Limited";"UST";500;"MSTR.s";"Strategy Inc.";"STP\Stocks.s\US.s\MSTR.s";"USD";"USD";"USD";2;0.010000000000;0.010000000000;0.000000000000;0.000000000000;0.000000000000;0.000000000000;0.000000000000;"PARTIAL";1.00000000;0.10000000;1500.00000000;0.10000000;0.00000000;0;0;65.00;1;4;2;127;2;15;5;-7.41000000;1.09000000;5;0.00000000;0.00000000;1.00000000;0.00000000;0.00000000;0.00000000;365
"2026.08.14 08:38:38";"Bybit-Live-4";"Infra Capital Limited";"UST";500;"NFLX.s";"NETFLIX INC";"STP\Stocks.s\US.s\NFLX.s";"USD";"USD";"USD";2;0.010000000000;0.010000000000;0.000000000000;0.000000000000;0.000000000000;0.000000000000;0.000000000000;"PARTIAL";1.00000000;0.10000000;1500.00000000;0.10000000;0.00000000;0;0;119.00;1;4;2;127;2;15;5;-7.41000000;1.09000000;5;0.00000000;0.00000000;1.00000000;0.00000000;0.00000000;0.00000000;365
"2026.08.14 08:38:38";"Bybit-Live-4";"Infra Capital Limited";"UST";500;"NIO.s";"NIO INC - ADR";"STP\Stocks.s\US.s\NIO.s";"USD";"USD";"USD";2;0.010000000000;0.010000000000;0.000000000000;0.000000000000;0.000000000000;0.000000000000;0.000000000000;"PARTIAL";1.00000000;0.10000000;1000.00000000;0.10000000;0.00000000;0;0;33.00;1;4;2;127;2;15;5;-6.82000000;0.50000000;5;0.00000000;0.00000000;1.00000000;0.00000000;0.00000000;0.00000000;365
"2026.08.14 08:38:38";"Bybit-Live-4";"Infra Capital Limited";"UST";500;"NKE.s";"Nike Inc";"STP\Stocks.s\US.s\NKE.s";"USD";"USD";"USD";2;0.010000000000;0.010000000000;0.000000000000;0.000000000000;0.000000000000;0.000000000000;0.000000000000;"PARTIAL";1.00000000;0.10000000;1000.00000000;0.10000000;0.00000000;0;0;37.00;1;4;2;127;2;15;5;-6.82000000;0.50000000;5;0.00000000;0.00000000;1.00000000;0.00000000;0.00000000;0.00000000;365
"2026.08.14 08:38:38";"Bybit-Live-4";"Infra Capital Limited";"UST";500;"NTES.s";"NETEASE INC-ADR";"STP\Stocks.s\US.s\NTES.s";"USD";"USD";"USD";2;0.010000000000;0.010000000000;0.000000000000;0.000000000000;0.000000000000;0.000000000000;0.000000000000;"PARTIAL";1.00000000;0.10000000;1000.00000000;0.10000000;0.00000000;0;0;38.00;1;4;2;127;2;15;5;-6.82000000;0.50000000;5;0.00000000;0.00000000;1.00000000;0.00000000;0.00000000;0.00000000;365
"2026.08.14 08:38:38";"Bybit-Live-4";"Infra Capital Limited";"UST";500;"NVIDIA.s";"NVIDIA CORP";"STP\Stocks.s\US.s\NVIDIA.s";"USD";"USD";"USD";2;0.010000000000;0.010000000000;0.000000000000;0.000000000000;0.000000000000;0.000000000000;0.000000000000;"PARTIAL";1.00000000;0.10000000;1500.00000000;0.10000000;0.00000000;0;0;38.00;1;4;2;127;2;15;5;-7.41000000;1.09000000;5;0.00000000;0.00000000;1.00000000;0.00000000;0.00000000;0.00000000;365
"2026.08.14 08:38:38";"Bybit-Live-4";"Infra Capital Limited";"UST";500;"NVS.s";"NOVARTIS AG-SPONSORED ADR";"STP\Stocks.s\US.s\NVS.s";"USD";"USD";"USD";2;0.010000000000;0.010000000000;0.000000000000;0.000000000000;0.000000000000;0.000000000000;0.000000000000;"PARTIAL";1.00000000;0.10000000;1000.00000000;0.10000000;0.00000000;0;0;37.00;1;4;2;127;2;15;5;-6.82000000;0.50000000;5;0.00000000;0.00000000;1.00000000;0.00000000;0.00000000;0.00000000;365
"2026.08.14 08:38:38";"Bybit-Live-4";"Infra Capital Limited";"UST";500;"OKLO.s";"Oklo Inc";"STP\Stocks.s\US.s\OKLO.s";"USD";"USD";"USD";2;0.010000000000;0.010000000000;0.000000000000;0.000000000000;0.000000000000;0.000000000000;0.000000000000;"PARTIAL";1.00000000;0.10000000;1000.00000000;0.10000000;0.00000000;0;0;35.00;1;4;2;127;2;15;5;-6.82000000;0.50000000;5;0.00000000;0.00000000;1.00000000;0.00000000;0.00000000;0.00000000;365
"2026.08.14 08:38:38";"Bybit-Live-4";"Infra Capital Limited";"UST";500;"ORCL.s";"ORACLE CORP";"STP\Stocks.s\US.s\ORCL.s";"USD";"USD";"USD";2;0.010000000000;0.010000000000;0.000000000000;0.000000000000;0.000000000000;0.000000000000;0.000000000000;"PARTIAL";1.00000000;0.10000000;1500.00000000;0.10000000;0.00000000;0;0;42.00;1;4;2;127;2;15;5;-7.41000000;1.09000000;5;0.00000000;0.00000000;1.00000000;0.00000000;0.00000000;0.00000000;365
"2026.08.14 08:38:38";"Bybit-Live-4";"Infra Capital Limited";"UST";500;"PEP.s";"PEPSICO INC";"STP\Stocks.s\US.s\PEP.s";"USD";"USD";"USD";2;0.010000000000;0.010000000000;0.000000000000;0.000000000000;0.000000000000;0.000000000000;0.000000000000;"PARTIAL";1.00000000;0.10000000;1000.00000000;0.10000000;0.00000000;0;0;42.00;1;4;2;127;2;15;5;-6.82000000;0.50000000;5;0.00000000;0.00000000;1.00000000;0.00000000;0.00000000;0.00000000;365
"2026.08.14 08:38:38";"Bybit-Live-4";"Infra Capital Limited";"UST";500;"PFIZER.s";"PFIZER INC";"STP\Stocks.s\US.s\PFIZER.s";"USD";"USD";"USD";2;0.010000000000;0.010000000000;0.000000000000;0.000000000000;0.000000000000;0.000000000000;0.000000000000;"PARTIAL";1.00000000;0.10000000;1000.00000000;0.10000000;0.00000000;0;0;35.00;1;4;2;127;2;15;5;-6.82000000;0.50000000;5;0.00000000;0.00000000;1.00000000;0.00000000;0.00000000;0.00000000;365
"2026.08.14 08:38:38";"Bybit-Live-4";"Infra Capital Limited";"UST";500;"PG.s";"PROCTER & GAMBLE CO/THE";"STP\Stocks.s\US.s\PG.s";"USD";"USD";"USD";2;0.010000000000;0.010000000000;0.000000000000;0.000000000000;0.000000000000;0.000000000000;0.000000000000;"PARTIAL";1.00000000;0.10000000;1000.00000000;0.10000000;0.00000000;0;0;41.00;1;4;2;127;2;15;5;-6.82000000;0.50000000;5;0.00000000;0.00000000;1.00000000;0.00000000;0.00000000;0.00000000;365
"2026.08.14 08:38:38";"Bybit-Live-4";"Infra Capital Limited";"UST";500;"PLTR.s";"Palantir Technologies Inc";"STP\Stocks.s\US.s\PLTR.s";"USD";"USD";"USD";2;0.010000000000;0.010000000000;0.000000000000;0.000000000000;0.000000000000;0.000000000000;0.000000000000;"PARTIAL";1.00000000;0.10000000;1500.00000000;0.10000000;0.00000000;0;0;36.00;1;4;2;127;2;15;5;-7.41000000;1.09000000;5;0.00000000;0.00000000;1.00000000;0.00000000;0.00000000;0.00000000;365
"2026.08.14 08:38:38";"Bybit-Live-4";"Infra Capital Limited";"UST";500;"PM.s";"PHILIP MORRIS INTERNATIONAL";"STP\Stocks.s\US.s\PM.s";"USD";"USD";"USD";2;0.010000000000;0.010000000000;0.000000000000;0.000000000000;0.000000000000;0.000000000000;0.000000000000;"PARTIAL";1.00000000;0.10000000;1000.00000000;0.10000000;0.00000000;0;0;39.00;1;4;2;127;2;15;5;-6.82000000;0.50000000;5;0.00000000;0.00000000;1.00000000;0.00000000;0.00000000;0.00000000;365
"2026.08.14 08:38:38";"Bybit-Live-4";"Infra Capital Limited";"UST";500;"PSIX.s";"Power Solutions International Inc";"STP\Stocks.s\US.s\PSIX.s";"USD";"USD";"USD";2;0.010000000000;0.010000000000;0.000000000000;0.000000000000;0.000000000000;0.000000000000;0.000000000000;"PARTIAL";1.00000000;0.10000000;1000.00000000;0.10000000;0.00000000;0;0;36.00;1;4;2;127;2;15;5;-6.82000000;0.50000000;5;0.00000000;0.00000000;1.00000000;0.00000000;0.00000000;0.00000000;365
"2026.08.14 08:38:38";"Bybit-Live-4";"Infra Capital Limited";"UST";500;"PYPL.s";"PayPal Holdings Inc";"STP\Stocks.s\US.s\PYPL.s";"USD";"USD";"USD";2;0.010000000000;0.010000000000;0.000000000000;0.000000000000;0.000000000000;0.000000000000;0.000000000000;"PARTIAL";1.00000000;0.10000000;1500.00000000;0.10000000;0.00000000;0;0;40.00;1;4;2;127;2;15;5;-7.41000000;1.09000000;5;0.00000000;0.00000000;1.00000000;0.00000000;0.00000000;0.00000000;365
"2026.08.14 08:38:38";"Bybit-Live-4";"Infra Capital Limited";"UST";500;"RIOT.s";"Riot Platforms, Inc";"STP\Stocks.s\US.s\RIOT.s";"USD";"USD";"USD";2;0.010000000000;0.010000000000;0.000000000000;0.000000000000;0.000000000000;0.000000000000;0.000000000000;"PARTIAL";1.00000000;0.10000000;1500.00000000;0.10000000;0.00000000;0;0;34.00;1;4;2;127;2;15;5;-7.41000000;1.09000000;5;0.00000000;0.00000000;1.00000000;0.00000000;0.00000000;0.00000000;365
"2026.08.14 08:38:38";"Bybit-Live-4";"Infra Capital Limited";"UST";500;"SBET.s";"SharpLink Gaming Inc";"STP\Stocks.s\US.s\SBET.s";"USD";"USD";"USD";2;0.010000000000;0.010000000000;0.000000000000;0.000000000000;0.000000000000;0.000000000000;0.000000000000;"PARTIAL";1.00000000;0.10000000;1000.00000000;0.10000000;0.00000000;0;0;29.00;1;4;2;127;2;15;5;-6.82000000;0.50000000;5;0.00000000;0.00000000;1.00000000;0.00000000;0.00000000;0.00000000;365
"2026.08.14 08:38:38";"Bybit-Live-4";"Infra Capital Limited";"UST";500;"SBUX.s";"STARBUCKS CORP";"STP\Stocks.s\US.s\SBUX.s";"USD";"USD";"USD";2;0.010000000000;0.010000000000;0.000000000000;0.000000000000;0.000000000000;0.000000000000;0.000000000000;"PARTIAL";1.00000000;0.10000000;1000.00000000;0.10000000;0.00000000;0;0;41.00;1;4;2;127;2;15;5;-6.82000000;0.50000000;5;0.00000000;0.00000000;1.00000000;0.00000000;0.00000000;0.00000000;365
"2026.08.14 08:38:38";"Bybit-Live-4";"Infra Capital Limited";"UST";500;"SE.s";"SEA LTD-ADR";"STP\Stocks.s\US.s\SE.s";"USD";"USD";"USD";2;0.010000000000;0.010000000000;0.000000000000;0.000000000000;0.000000000000;0.000000000000;0.000000000000;"PARTIAL";1.00000000;0.10000000;1000.00000000;0.10000000;0.00000000;0;0;37.00;1;4;2;127;2;15;5;-6.82000000;0.50000000;5;0.00000000;0.00000000;1.00000000;0.00000000;0.00000000;0.00000000;365
"2026.08.14 08:38:38";"Bybit-Live-4";"Infra Capital Limited";"UST";500;"SHOP.s";"SHOPIFY INC - CLASS A";"STP\Stocks.s\US.s\SHOP.s";"USD";"USD";"USD";2;0.010000000000;0.010000000000;0.000000000000;0.000000000000;0.000000000000;0.000000000000;0.000000000000;"PARTIAL";1.00000000;0.10000000;1000.00000000;0.10000000;0.00000000;0;0;32.00;1;4;2;127;2;15;5;-6.82000000;0.50000000;5;0.00000000;0.00000000;1.00000000;0.00000000;0.00000000;0.00000000;365
"2026.08.14 08:38:38";"Bybit-Live-4";"Infra Capital Limited";"UST";500;"SNOW.s";"SNOWFLAKE INC-CLASS A";"STP\Stocks.s\US.s\SNOW.s";"USD";"USD";"USD";2;0.010000000000;0.010000000000;0.000000000000;0.000000000000;0.000000000000;0.000000000000;0.000000000000;"PARTIAL";1.00000000;0.10000000;1000.00000000;0.10000000;0.00000000;0;0;52.00;1;4;2;127;2;15;5;-6.82000000;0.50000000;5;0.00000000;0.00000000;1.00000000;0.00000000;0.00000000;0.00000000;365
"2026.08.14 08:38:38";"Bybit-Live-4";"Infra Capital Limited";"UST";500;"SPOT.s";"Spotify Technology SA";"STP\Stocks.s\US.s\SPOT.s";"USD";"USD";"USD";2;0.010000000000;0.010000000000;0.000000000000;0.000000000000;0.000000000000;0.000000000000;0.000000000000;"PARTIAL";1.00000000;0.10000000;1000.00000000;0.10000000;0.00000000;0;0;49.00;1;4;2;127;2;15;5;-6.82000000;0.50000000;5;0.00000000;0.00000000;1.00000000;0.00000000;0.00000000;0.00000000;365
"2026.08.14 08:38:38";"Bybit-Live-4";"Infra Capital Limited";"UST";500;"STRL.s";"Sterling Infrastructure Inc";"STP\Stocks.s\US.s\STRL.s";"USD";"USD";"USD";2;0.010000000000;0.010000000000;0.000000000000;0.000000000000;0.000000000000;0.000000000000;0.000000000000;"PARTIAL";1.00000000;0.10000000;1000.00000000;0.10000000;0.00000000;0;0;69.00;1;4;2;127;2;15;5;-6.82000000;0.50000000;5;0.00000000;0.00000000;1.00000000;0.00000000;0.00000000;0.00000000;365
"2026.08.14 08:38:38";"Bybit-Live-4";"Infra Capital Limited";"UST";500;"TCOM.s";"Trip.com Group Ltd";"STP\Stocks.s\US.s\TCOM.s";"USD";"USD";"USD";2;0.010000000000;0.010000000000;0.000000000000;0.000000000000;0.000000000000;0.000000000000;0.000000000000;"PARTIAL";1.00000000;0.10000000;1000.00000000;0.10000000;0.00000000;0;0;34.00;1;4;2;127;2;15;5;-6.82000000;0.50000000;5;0.00000000;0.00000000;1.00000000;0.00000000;0.00000000;0.00000000;365
"2026.08.14 08:38:38";"Bybit-Live-4";"Infra Capital Limited";"UST";500;"TLN.s";"Talen Energy Corp";"STP\Stocks.s\US.s\TLN.s";"USD";"USD";"USD";2;0.010000000000;0.010000000000;0.000000000000;0.000000000000;0.000000000000;0.000000000000;0.000000000000;"PARTIAL";1.00000000;0.10000000;1000.00000000;0.10000000;0.00000000;0;0;57.00;1;4;2;127;2;15;5;-6.82000000;0.50000000;5;0.00000000;0.00000000;1.00000000;0.00000000;0.00000000;0.00000000;365
"2026.08.14 08:38:38";"Bybit-Live-4";"Infra Capital Limited";"UST";500;"TME.s";"Tencent Music Entertainment Group – ADR";"STP\Stocks.s\US.s\TME.s";"USD";"USD";"USD";2;0.010000000000;0.010000000000;0.000000000000;0.000000000000;0.000000000000;0.000000000000;0.000000000000;"PARTIAL";1.00000000;0.10000000;1000.00000000;0.10000000;0.00000000;0;0;30.00;1;4;2;127;2;15;5;-6.82000000;0.50000000;5;0.00000000;0.00000000;1.00000000;0.00000000;0.00000000;0.00000000;365
"2026.08.14 08:38:38";"Bybit-Live-4";"Infra Capital Limited";"UST";500;"TOYOTA.s";"TOYOTA MOTOR CORP -SPON ADR";"STP\Stocks.s\US.s\TOYOTA.s";"USD";"USD";"USD";2;0.010000000000;0.010000000000;0.000000000000;0.000000000000;0.000000000000;0.000000000000;0.000000000000;"PARTIAL";1.00000000;0.10000000;1000.00000000;0.10000000;0.00000000;0;0;50.00;1;4;2;127;2;15;5;-6.82000000;0.50000000;5;0.00000000;0.00000000;1.00000000;0.00000000;0.00000000;0.00000000;365
"2026.08.14 08:38:38";"Bybit-Live-4";"Infra Capital Limited";"UST";500;"TRMB.s";"TRIMBLE INC";"STP\Stocks.s\US.s\TRMB.s";"USD";"USD";"USD";2;0.010000000000;0.010000000000;0.000000000000;0.000000000000;0.000000000000;0.000000000000;0.000000000000;"PARTIAL";1.00000000;0.10000000;1000.00000000;0.10000000;0.00000000;0;0;37.00;1;4;2;127;2;15;5;-6.82000000;0.50000000;5;0.00000000;0.00000000;1.00000000;0.00000000;0.00000000;0.00000000;365
"2026.08.14 08:38:38";"Bybit-Live-4";"Infra Capital Limited";"UST";500;"TSLA.s";"Tesla";"STP\Stocks.s\US.s\TSLA.s";"USD";"USD";"USD";2;0.010000000000;0.010000000000;0.000000000000;0.000000000000;0.000000000000;0.000000000000;0.000000000000;"PARTIAL";1.00000000;0.10000000;1500.00000000;0.10000000;0.00000000;0;0;46.00;1;4;2;127;2;15;5;-7.41000000;1.09000000;5;0.00000000;0.00000000;1.00000000;0.00000000;0.00000000;0.00000000;365
"2026.08.14 08:38:38";"Bybit-Live-4";"Infra Capital Limited";"UST";500;"TSM.s";"TAIWAN SEMICONDUCTOR-SP ADR";"STP\Stocks.s\US.s\TSM.s";"USD";"USD";"USD";2;0.010000000000;0.010000000000;0.000000000000;0.000000000000;0.000000000000;0.000000000000;0.000000000000;"PARTIAL";1.00000000;0.10000000;1500.00000000;0.10000000;0.00000000;0;0;38.00;1;4;2;127;2;15;5;-7.41000000;1.09000000;5;0.00000000;0.00000000;1.00000000;0.00000000;0.00000000;0.00000000;365
"2026.08.14 08:38:38";"Bybit-Live-4";"Infra Capital Limited";"UST";500;"U.s";"UNITY SOFTWARE INC";"STP\Stocks.s\US.s\U.s";"USD";"USD";"USD";2;0.010000000000;0.010000000000;0.000000000000;0.000000000000;0.000000000000;0.000000000000;0.000000000000;"PARTIAL";1.00000000;0.10000000;1000.00000000;0.10000000;0.00000000;0;0;34.00;1;4;2;127;2;15;5;-6.82000000;0.50000000;5;0.00000000;0.00000000;1.00000000;0.00000000;0.00000000;0.00000000;365
"2026.08.14 08:38:38";"Bybit-Live-4";"Infra Capital Limited";"UST";500;"UBER.s";"Uber Technologies Inc";"STP\Stocks.s\US.s\UBER.s";"USD";"USD";"USD";2;0.010000000000;0.010000000000;0.000000000000;0.000000000000;0.000000000000;0.000000000000;0.000000000000;"PARTIAL";1.00000000;0.10000000;1000.00000000;0.10000000;0.00000000;0;0;34.00;1;4;2;127;2;15;5;-6.82000000;0.50000000;5;0.00000000;0.00000000;1.00000000;0.00000000;0.00000000;0.00000000;365
"2026.08.14 08:38:38";"Bybit-Live-4";"Infra Capital Limited";"UST";500;"UL.s";"Unilever Plc";"STP\Stocks.s\US.s\UL.s";"USD";"USD";"USD";2;0.010000000000;0.010000000000;0.000000000000;0.000000000000;0.000000000000;0.000000000000;0.000000000000;"PARTIAL";1.00000000;0.10000000;1000.00000000;0.10000000;0.00000000;0;0;35.00;1;4;2;127;2;15;5;-6.82000000;0.50000000;5;0.00000000;0.00000000;1.00000000;0.00000000;0.00000000;0.00000000;365
"2026.08.14 08:38:38";"Bybit-Live-4";"Infra Capital Limited";"UST";500;"UNH.s";"UNITEDHEALTH GROUP INC";"STP\Stocks.s\US.s\UNH.s";"USD";"USD";"USD";2;0.010000000000;0.010000000000;0.000000000000;0.000000000000;0.000000000000;0.000000000000;0.000000000000;"PARTIAL";1.00000000;0.10000000;1000.00000000;0.10000000;0.00000000;0;0;73.00;1;4;2;127;2;15;5;-6.82000000;0.50000000;5;0.00000000;0.00000000;1.00000000;0.00000000;0.00000000;0.00000000;365
"2026.08.14 08:38:38";"Bybit-Live-4";"Infra Capital Limited";"UST";500;"VISA.s";"VISA INC-CLASS A SHARES";"STP\Stocks.s\US.s\VISA.s";"USD";"USD";"USD";2;0.010000000000;0.010000000000;0.000000000000;0.000000000000;0.000000000000;0.000000000000;0.000000000000;"PARTIAL";1.00000000;0.10000000;1000.00000000;0.10000000;0.00000000;0;0;47.00;1;4;2;127;2;15;5;-6.82000000;0.50000000;5;0.00000000;0.00000000;1.00000000;0.00000000;0.00000000;0.00000000;365
"2026.08.14 08:38:38";"Bybit-Live-4";"Infra Capital Limited";"UST";500;"VRT.s";"Vertiv Holdings Co";"STP\Stocks.s\US.s\VRT.s";"USD";"USD";"USD";2;0.010000000000;0.010000000000;0.000000000000;0.000000000000;0.000000000000;0.000000000000;0.000000000000;"PARTIAL";1.00000000;0.10000000;1000.00000000;0.10000000;0.00000000;0;0;41.00;1;4;2;127;2;15;5;-6.82000000;0.50000000;5;0.00000000;0.00000000;1.00000000;0.00000000;0.00000000;0.00000000;365
"2026.08.14 08:38:38";"Bybit-Live-4";"Infra Capital Limited";"UST";500;"VZ.s";"VERIZON COMMUNICATIONS INC";"STP\Stocks.s\US.s\VZ.s";"USD";"USD";"USD";2;0.010000000000;0.010000000000;0.000000000000;0.000000000000;0.000000000000;0.000000000000;0.000000000000;"PARTIAL";1.00000000;0.10000000;1000.00000000;0.10000000;0.00000000;0;0;34.00;1;4;2;127;2;15;5;-6.82000000;0.50000000;5;0.00000000;0.00000000;1.00000000;0.00000000;0.00000000;0.00000000;365
"2026.08.14 08:38:38";"Bybit-Live-4";"Infra Capital Limited";"UST";500;"WFC.s";"WELLS FARGO & CO";"STP\Stocks.s\US.s\WFC.s";"USD";"USD";"USD";2;0.010000000000;0.010000000000;0.000000000000;0.000000000000;0.000000000000;0.000000000000;0.000000000000;"PARTIAL";1.00000000;0.10000000;1000.00000000;0.10000000;0.00000000;0;0;34.00;1;4;2;127;2;15;5;-6.82000000;0.50000000;5;0.00000000;0.00000000;1.00000000;0.00000000;0.00000000;0.00000000;365
"2026.08.14 08:38:38";"Bybit-Live-4";"Infra Capital Limited";"UST";500;"WMT.s";"WALMART INC";"STP\Stocks.s\US.s\WMT.s";"USD";"USD";"USD";2;0.010000000000;0.010000000000;0.000000000000;0.000000000000;0.000000000000;0.000000000000;0.000000000000;"PARTIAL";1.00000000;0.10000000;1000.00000000;0.10000000;0.00000000;0;0;40.00;1;4;2;127;2;15;5;-6.82000000;0.50000000;5;0.00000000;0.00000000;1.00000000;0.00000000;0.00000000;0.00000000;365
"2026.08.14 08:38:38";"Bybit-Live-4";"Infra Capital Limited";"UST";500;"XPEV.s";"XPENG INC - ADR";"STP\Stocks.s\US.s\XPEV.s";"USD";"USD";"USD";2;0.010000000000;0.010000000000;0.000000000000;0.000000000000;0.000000000000;0.000000000000;0.000000000000;"PARTIAL";1.00000000;0.10000000;1000.00000000;0.10000000;0.00000000;0;0;33.00;1;4;2;127;2;15;5;-6.82000000;0.50000000;5;0.00000000;0.00000000;1.00000000;0.00000000;0.00000000;0.00000000;365
"2026.08.14 08:38:38";"Bybit-Live-4";"Infra Capital Limited";"UST";500;"ZM.s";"ZOOM VIDEO COMMUNICATIONS-A";"STP\Stocks.s\US.s\ZM.s";"USD";"USD";"USD";2;0.010000000000;0.010000000000;0.000000000000;0.000000000000;0.000000000000;0.000000000000;0.000000000000;"PARTIAL";1.00000000;0.10000000;1000.00000000;0.10000000;0.00000000;0;0;37.00;1;4;2;127;2;15;5;-6.82000000;0.50000000;5;0.00000000;0.00000000;1.00000000;0.00000000;0.00000000;0.00000000;365
"2026.08.14 08:38:38";"Bybit-Live-4";"Infra Capital Limited";"UST";500;"APP.s";"AppLovin Corp - Class A";"STP\Stocks.s\US.s\APP.s";"USD";"USD";"USD";2;0.010000000000;0.010000000000;0.000000000000;0.000000000000;0.000000000000;0.000000000000;0.000000000000;"PARTIAL";1.00000000;0.10000000;1000.00000000;0.10000000;0.00000000;0;0;79.00;1;4;2;127;2;15;5;-6.82000000;0.50000000;5;0.00000000;0.00000000;1.00000000;0.00000000;0.00000000;0.00000000;365
"2026.08.14 08:38:38";"Bybit-Live-4";"Infra Capital Limited";"UST";500;"PDD.s";"Pinduoduo Inc (ADRs)";"STP\Stocks.s\US.s\PDD.s";"USD";"USD";"USD";2;0.010000000000;0.010000000000;0.000000000000;0.000000000000;0.000000000000;0.000000000000;0.000000000000;"PARTIAL";1.00000000;0.10000000;1000.00000000;0.10000000;0.00000000;0;0;36.00;1;4;2;127;2;15;5;-6.82000000;0.50000000;5;0.00000000;0.00000000;1.00000000;0.00000000;0.00000000;0.00000000;365
"2026.08.14 08:38:38";"Bybit-Live-4";"Infra Capital Limited";"UST";500;"QQQ.s";"Invesco QQQ Trust Series 1 ETF";"STP\Stocks.s\US.s\QQQ.s";"USD";"USD";"USD";2;0.010000000000;0.010000000000;0.000000000000;0.000000000000;0.000000000000;0.000000000000;0.000000000000;"PARTIAL";1.00000000;0.10000000;1000.00000000;0.10000000;0.00000000;0;0;59.00;1;4;2;127;2;15;5;-6.82000000;0.50000000;5;0.00000000;0.00000000;1.00000000;0.00000000;0.00000000;0.00000000;365
"2026.08.14 08:38:38";"Bybit-Live-4";"Infra Capital Limited";"UST";500;"TQQQ.s";"ProShares UltraPro QQQ ETF";"STP\Stocks.s\US.s\TQQQ.s";"USD";"USD";"USD";2;0.010000000000;0.010000000000;0.000000000000;0.000000000000;0.000000000000;0.000000000000;0.000000000000;"PARTIAL";1.00000000;0.10000000;1000.00000000;0.10000000;0.00000000;0;0;28.00;1;4;2;127;2;15;5;-6.82000000;0.50000000;5;0.00000000;0.00000000;1.00000000;0.00000000;0.00000000;0.00000000;365
"2026.08.14 08:38:38";"Bybit-Live-4";"Infra Capital Limited";"UST";500;"LRCX.s";"Lam Research Corp";"STP\Stocks.s\US.s\LRCX.s";"USD";"USD";"USD";2;0.010000000000;0.010000000000;0.000000000000;0.000000000000;0.000000000000;0.000000000000;0.000000000000;"PARTIAL";1.00000000;0.10000000;1000.00000000;0.10000000;0.00000000;0;0;58.00;1;4;2;127;2;15;5;-6.82000000;0.50000000;5;0.00000000;0.00000000;1.00000000;0.00000000;0.00000000;0.00000000;365
"2026.08.14 08:38:38";"Bybit-Live-4";"Infra Capital Limited";"UST";500;"RIVN.s";"Rivian Automotive Inc";"STP\Stocks.s\US.s\RIVN.s";"USD";"USD";"USD";2;0.010000000000;0.010000000000;0.000000000000;0.000000000000;0.000000000000;0.000000000000;0.000000000000;"PARTIAL";1.00000000;0.10000000;1000.00000000;0.10000000;0.00000000;0;0;34.00;1;4;2;127;2;15;5;-6.82000000;0.50000000;5;0.00000000;0.00000000;1.00000000;0.00000000;0.00000000;0.00000000;365
"2026.08.14 08:38:38";"Bybit-Live-4";"Infra Capital Limited";"UST";500;"MU.s";"Micron Technology Inc";"STP\Stocks.s\US.s\MU.s";"USD";"USD";"USD";2;0.010000000000;0.010000000000;0.000000000000;0.000000000000;0.000000000000;0.000000000000;0.000000000000;"PARTIAL";1.00000000;0.10000000;1000.00000000;0.10000000;0.00000000;0;0;58.00;1;4;2;127;2;15;5;-6.82000000;0.50000000;5;0.00000000;0.00000000;1.00000000;0.00000000;0.00000000;0.00000000;365
"2026.08.14 08:38:38";"Bybit-Live-4";"Infra Capital Limited";"UST";500;"COHR.s";"Coherent Corp";"STP\Stocks.s\US.s\COHR.s";"USD";"USD";"USD";2;0.010000000000;0.010000000000;0.000000000000;0.000000000000;0.000000000000;0.000000000000;0.000000000000;"PARTIAL";1.00000000;0.10000000;1000.00000000;0.10000000;0.00000000;0;0;49.00;1;4;2;127;2;15;5;-6.82000000;0.50000000;5;0.00000000;0.00000000;1.00000000;0.00000000;0.00000000;0.00000000;365
"2026.08.14 08:38:38";"Bybit-Live-4";"Infra Capital Limited";"UST";500;"LITE.s";"Lumentum Holdings Inc";"STP\Stocks.s\US.s\LITE.s";"USD";"USD";"USD";2;0.010000000000;0.010000000000;0.000000000000;0.000000000000;0.000000000000;0.000000000000;0.000000000000;"PARTIAL";1.00000000;0.10000000;1000.00000000;0.10000000;0.00000000;0;0;84.00;1;4;2;127;2;15;5;-6.82000000;0.50000000;5;0.00000000;0.00000000;1.00000000;0.00000000;0.00000000;0.00000000;365
"2026.08.14 08:38:38";"Bybit-Live-4";"Infra Capital Limited";"UST";500;"BAP.s";"Credicorp Ltd";"STP\Stocks.s\US.s\BAP.s";"USD";"USD";"USD";2;0.010000000000;0.010000000000;0.000000000000;0.000000000000;0.000000000000;0.000000000000;0.000000000000;"PARTIAL";1.00000000;0.10000000;1000.00000000;0.10000000;0.00000000;0;0;130.00;1;4;2;127;2;15;5;-6.82000000;0.50000000;5;0.00000000;0.00000000;1.00000000;0.00000000;0.00000000;0.00000000;365
"2026.08.14 08:38:38";"Bybit-Live-4";"Infra Capital Limited";"UST";500;"DXC.s";"DXC Technology Corp";"STP\Stocks.s\US.s\DXC.s";"USD";"USD";"USD";2;0.010000000000;0.010000000000;0.000000000000;0.000000000000;0.000000000000;0.000000000000;0.000000000000;"PARTIAL";1.00000000;0.10000000;1000.00000000;0.10000000;0.00000000;0;0;34.00;1;4;2;127;2;15;5;-6.82000000;0.50000000;5;0.00000000;0.00000000;1.00000000;0.00000000;0.00000000;0.00000000;365
"2026.08.14 08:38:38";"Bybit-Live-4";"Infra Capital Limited";"UST";500;"NEM.s";"Newmont Mining";"STP\Stocks.s\US.s\NEM.s";"USD";"USD";"USD";2;0.010000000000;0.010000000000;0.000000000000;0.000000000000;0.000000000000;0.000000000000;0.000000000000;"PARTIAL";1.00000000;0.10000000;1000.00000000;0.10000000;0.00000000;0;0;36.00;1;4;2;127;2;15;5;-6.82000000;0.50000000;5;0.00000000;0.00000000;1.00000000;0.00000000;0.00000000;0.00000000;365
"2026.08.14 08:38:38";"Bybit-Live-4";"Infra Capital Limited";"UST";500;"ALK.s";"Alaska Air Group Inc";"STP\Stocks.s\US.s\ALK.s";"USD";"USD";"USD";2;0.010000000000;0.010000000000;0.000000000000;0.000000000000;0.000000000000;0.000000000000;0.000000000000;"PARTIAL";1.00000000;0.10000000;1000.00000000;0.10000000;0.00000000;0;0;34.00;1;4;2;127;2;15;5;-6.82000000;0.50000000;5;0.00000000;0.00000000;1.00000000;0.00000000;0.00000000;0.00000000;365
"2026.08.14 08:38:38";"Bybit-Live-4";"Infra Capital Limited";"UST";500;"DDOG.s";"Datadog Inc - Class A";"STP\Stocks.s\US.s\DDOG.s";"USD";"USD";"USD";2;0.010000000000;0.010000000000;0.000000000000;0.000000000000;0.000000000000;0.000000000000;0.000000000000;"PARTIAL";1.00000000;0.10000000;1000.00000000;0.10000000;0.00000000;0;0;41.00;1;4;2;127;2;15;5;-6.82000000;0.50000000;5;0.00000000;0.00000000;1.00000000;0.00000000;0.00000000;0.00000000;365
"2026.08.14 08:38:38";"Bybit-Live-4";"Infra Capital Limited";"UST";500;"ETD.s";"Ethan Allen Interiors Inc";"STP\Stocks.s\US.s\ETD.s";"USD";"USD";"USD";2;0.010000000000;0.010000000000;0.000000000000;0.000000000000;0.000000000000;0.000000000000;0.000000000000;"PARTIAL";1.00000000;0.10000000;1000.00000000;0.10000000;0.00000000;0;0;36.00;1;4;2;127;2;15;5;-6.82000000;0.50000000;5;0.00000000;0.00000000;1.00000000;0.00000000;0.00000000;0.00000000;365
"2026.08.14 08:38:38";"Bybit-Live-4";"Infra Capital Limited";"UST";500;"GFS.s";"GlobalFoundries Inc";"STP\Stocks.s\US.s\GFS.s";"USD";"USD";"USD";2;0.010000000000;0.010000000000;0.000000000000;0.000000000000;0.000000000000;0.000000000000;0.000000000000;"PARTIAL";1.00000000;0.10000000;1000.00000000;0.10000000;0.00000000;0;0;35.00;1;4;2;127;2;15;5;-6.82000000;0.50000000;5;0.00000000;0.00000000;1.00000000;0.00000000;0.00000000;0.00000000;365
"2026.08.14 08:38:38";"Bybit-Live-4";"Infra Capital Limited";"UST";500;"HTHT.s";"Huazhu Group Ltd";"STP\Stocks.s\US.s\HTHT.s";"USD";"USD";"USD";2;0.010000000000;0.010000000000;0.000000000000;0.000000000000;0.000000000000;0.000000000000;0.000000000000;"PARTIAL";1.00000000;0.10000000;1000.00000000;0.10000000;0.00000000;0;0;34.00;1;4;2;127;2;15;5;-6.82000000;0.50000000;5;0.00000000;0.00000000;1.00000000;0.00000000;0.00000000;0.00000000;365
"2026.08.14 08:38:38";"Bybit-Live-4";"Infra Capital Limited";"UST";500;"LYFT.s";"Lyft Inc";"STP\Stocks.s\US.s\LYFT.s";"USD";"USD";"USD";2;0.010000000000;0.010000000000;0.000000000000;0.000000000000;0.000000000000;0.000000000000;0.000000000000;"PARTIAL";1.00000000;0.10000000;1000.00000000;0.10000000;0.00000000;0;0;34.00;1;4;2;127;2;15;5;-6.82000000;0.50000000;5;0.00000000;0.00000000;1.00000000;0.00000000;0.00000000;0.00000000;365
"2026.08.14 08:38:38";"Bybit-Live-4";"Infra Capital Limited";"UST";500;"OPFI.s";"OppFi Inc";"STP\Stocks.s\US.s\OPFI.s";"USD";"USD";"USD";2;0.010000000000;0.010000000000;0.000000000000;0.000000000000;0.000000000000;0.000000000000;0.000000000000;"PARTIAL";1.00000000;0.10000000;1000.00000000;0.10000000;0.00000000;0;0;34.00;1;4;2;127;2;15;5;-6.82000000;0.50000000;5;0.00000000;0.00000000;1.00000000;0.00000000;0.00000000;0.00000000;365
"2026.08.14 08:38:38";"Bybit-Live-4";"Infra Capital Limited";"UST";500;"PLAY.s";"Dave & Buster's Entertainmen";"STP\Stocks.s\US.s\PLAY.s";"USD";"USD";"USD";2;0.010000000000;0.010000000000;0.000000000000;0.000000000000;0.000000000000;0.000000000000;0.000000000000;"PARTIAL";1.00000000;0.10000000;1000.00000000;0.10000000;0.00000000;0;0;34.00;1;4;2;127;2;15;5;-6.82000000;0.50000000;5;0.00000000;0.00000000;1.00000000;0.00000000;0.00000000;0.00000000;365
"2026.08.14 08:38:38";"Bybit-Live-4";"Infra Capital Limited";"UST";500;"SO.s";"Southern Co";"STP\Stocks.s\US.s\SO.s";"USD";"USD";"USD";2;0.010000000000;0.010000000000;0.000000000000;0.000000000000;0.000000000000;0.000000000000;0.000000000000;"PARTIAL";1.00000000;0.10000000;1000.00000000;0.10000000;0.00000000;0;0;37.00;1;4;2;127;2;15;5;-6.82000000;0.50000000;5;0.00000000;0.00000000;1.00000000;0.00000000;0.00000000;0.00000000;365
"2026.08.14 08:38:38";"Bybit-Live-4";"Infra Capital Limited";"UST";500;"TTD.s";"The Trade Desk Inc - Class A";"STP\Stocks.s\US.s\TTD.s";"USD";"USD";"USD";2;0.010000000000;0.010000000000;0.000000000000;0.000000000000;0.000000000000;0.000000000000;0.000000000000;"PARTIAL";1.00000000;0.10000000;1000.00000000;0.10000000;0.00000000;0;0;36.00;1;4;2;127;2;15;5;-6.82000000;0.50000000;5;0.00000000;0.00000000;1.00000000;0.00000000;0.00000000;0.00000000;365
"2026.08.14 08:38:38";"Bybit-Live-4";"Infra Capital Limited";"UST";500;"YUMC.s";"Yum China Holdings Inc";"STP\Stocks.s\US.s\YUMC.s";"USD";"USD";"USD";2;0.010000000000;0.010000000000;0.000000000000;0.000000000000;0.000000000000;0.000000000000;0.000000000000;"PARTIAL";1.00000000;0.10000000;1000.00000000;0.10000000;0.00000000;0;0;35.00;1;4;2;127;2;15;5;-6.82000000;0.50000000;5;0.00000000;0.00000000;1.00000000;0.00000000;0.00000000;0.00000000;365
"2026.08.14 08:38:38";"Bybit-Live-4";"Infra Capital Limited";"UST";500;"CHT.s";"Chunghwa Telecom (ADRs)";"STP\Stocks.s\US.s\CHT.s";"USD";"USD";"USD";2;0.010000000000;0.010000000000;0.000000000000;0.000000000000;0.000000000000;0.000000000000;0.000000000000;"PARTIAL";1.00000000;0.10000000;1000.00000000;0.10000000;0.00000000;0;0;37.00;1;4;2;127;2;15;5;-6.82000000;0.50000000;5;0.00000000;0.00000000;1.00000000;0.00000000;0.00000000;0.00000000;365
"2026.08.14 08:38:38";"Bybit-Live-4";"Infra Capital Limited";"UST";500;"IBN.s";"ICICI Bank Ltd (ADRs)";"STP\Stocks.s\US.s\IBN.s";"USD";"USD";"USD";2;0.010000000000;0.010000000000;0.000000000000;0.000000000000;0.000000000000;0.000000000000;0.000000000000;"PARTIAL";1.00000000;0.10000000;1000.00000000;0.10000000;0.00000000;0;0;34.00;1;4;2;127;2;15;5;-6.82000000;0.50000000;5;0.00000000;0.00000000;1.00000000;0.00000000;0.00000000;0.00000000;365
"2026.08.14 08:38:38";"Bybit-Live-4";"Infra Capital Limited";"UST";500;"BB.s";"Blackberry Ltd";"STP\Stocks.s\US.s\BB.s";"USD";"USD";"USD";2;0.010000000000;0.010000000000;0.000000000000;0.000000000000;0.000000000000;0.000000000000;0.000000000000;"PARTIAL";1.00000000;0.10000000;1000.00000000;0.10000000;0.00000000;0;0;37.00;1;4;2;127;2;15;5;-6.82000000;0.50000000;5;0.00000000;0.00000000;1.00000000;0.00000000;0.00000000;0.00000000;365
"2026.08.14 08:38:38";"Bybit-Live-4";"Infra Capital Limited";"UST";500;"A.s";"Agilent Technologies Inc";"STP\Stocks.s\US.s\A.s";"USD";"USD";"USD";2;0.010000000000;0.010000000000;0.000000000000;0.000000000000;0.000000000000;0.000000000000;0.000000000000;"PARTIAL";1.00000000;0.10000000;1000.00000000;0.10000000;0.00000000;0;0;42.00;1;4;2;127;2;15;5;-6.82000000;0.50000000;5;0.00000000;0.00000000;1.00000000;0.00000000;0.00000000;0.00000000;365
"2026.08.14 08:38:38";"Bybit-Live-4";"Infra Capital Limited";"UST";500;"ACN.s";"Accenture PLC - Class A";"STP\Stocks.s\US.s\ACN.s";"USD";"USD";"USD";2;0.010000000000;0.010000000000;0.000000000000;0.000000000000;0.000000000000;0.000000000000;0.000000000000;"PARTIAL";1.00000000;0.10000000;1000.00000000;0.10000000;0.00000000;0;0;51.00;1;4;2;127;2;15;5;-6.82000000;0.50000000;5;0.00000000;0.00000000;1.00000000;0.00000000;0.00000000;0.00000000;365
"2026.08.14 08:38:38";"Bybit-Live-4";"Infra Capital Limited";"UST";500;"ADBE.s";"Adobe Inc";"STP\Stocks.s\US.s\ADBE.s";"USD";"USD";"USD";2;0.010000000000;0.010000000000;0.000000000000;0.000000000000;0.000000000000;0.000000000000;0.000000000000;"PARTIAL";1.00000000;0.10000000;1000.00000000;0.10000000;0.00000000;0;0;50.00;1;4;2;127;2;15;5;-6.82000000;0.50000000;5;0.00000000;0.00000000;1.00000000;0.00000000;0.00000000;0.00000000;365
"2026.08.14 08:38:38";"Bybit-Live-4";"Infra Capital Limited";"UST";500;"ADI.s";"Analog Devices Inc";"STP\Stocks.s\US.s\ADI.s";"USD";"USD";"USD";2;0.010000000000;0.010000000000;0.000000000000;0.000000000000;0.000000000000;0.000000000000;0.000000000000;"PARTIAL";1.00000000;0.10000000;1000.00000000;0.10000000;0.00000000;0;0;47.00;1;4;2;127;2;15;5;-6.82000000;0.50000000;5;0.00000000;0.00000000;1.00000000;0.00000000;0.00000000;0.00000000;365
"2026.08.14 08:38:38";"Bybit-Live-4";"Infra Capital Limited";"UST";500;"ADM.s";"Archer-Daniels-Midland Co";"STP\Stocks.s\US.s\ADM.s";"USD";"USD";"USD";2;0.010000000000;0.010000000000;0.000000000000;0.000000000000;0.000000000000;0.000000000000;0.000000000000;"PARTIAL";1.00000000;0.10000000;1000.00000000;0.10000000;0.00000000;0;0;38.00;1;4;2;127;2;15;5;-6.82000000;0.50000000;5;0.00000000;0.00000000;1.00000000;0.00000000;0.00000000;0.00000000;365
"2026.08.14 08:38:38";"Bybit-Live-4";"Infra Capital Limited";"UST";500;"ADP.s";"Automatic Data Processing Inc";"STP\Stocks.s\US.s\ADP.s";"USD";"USD";"USD";2;0.010000000000;0.010000000000;0.000000000000;0.000000000000;0.000000000000;0.000000000000;0.000000000000;"PARTIAL";1.00000000;0.10000000;1000.00000000;0.10000000;0.00000000;0;0;51.00;1;4;2;127;2;15;5;-6.82000000;0.50000000;5;0.00000000;0.00000000;1.00000000;0.00000000;0.00000000;0.00000000;365
"2026.08.14 08:38:38";"Bybit-Live-4";"Infra Capital Limited";"UST";500;"AEP.s";"American Electric Power Inc";"STP\Stocks.s\US.s\AEP.s";"USD";"USD";"USD";2;0.010000000000;0.010000000000;0.000000000000;0.000000000000;0.000000000000;0.000000000000;0.000000000000;"PARTIAL";1.00000000;0.10000000;1000.00000000;0.10000000;0.00000000;0;0;38.00;1;4;2;127;2;15;5;-6.82000000;0.50000000;5;0.00000000;0.00000000;1.00000000;0.00000000;0.00000000;0.00000000;365
"2026.08.14 08:38:38";"Bybit-Live-4";"Infra Capital Limited";"UST";500;"AFG.s";"American Financial Group Inc";"STP\Stocks.s\US.s\AFG.s";"USD";"USD";"USD";2;0.010000000000;0.010000000000;0.000000000000;0.000000000000;0.000000000000;0.000000000000;0.000000000000;"PARTIAL";1.00000000;0.10000000;1000.00000000;0.10000000;0.00000000;0;0;46.00;1;4;2;127;2;15;5;-6.82000000;0.50000000;5;0.00000000;0.00000000;1.00000000;0.00000000;0.00000000;0.00000000;365
"2026.08.14 08:38:38";"Bybit-Live-4";"Infra Capital Limited";"UST";500;"AFL.s";"Aflac Inc";"STP\Stocks.s\US.s\AFL.s";"USD";"USD";"USD";2;0.010000000000;0.010000000000;0.000000000000;0.000000000000;0.000000000000;0.000000000000;0.000000000000;"PARTIAL";1.00000000;0.10000000;1000.00000000;0.10000000;0.00000000;0;0;36.00;1;4;2;127;2;15;5;-6.82000000;0.50000000;5;0.00000000;0.00000000;1.00000000;0.00000000;0.00000000;0.00000000;365
"2026.08.14 08:38:38";"Bybit-Live-4";"Infra Capital Limited";"UST";500;"AGNC.s";"Agnc Investment Corp";"STP\Stocks.s\US.s\AGNC.s";"USD";"USD";"USD";2;0.010000000000;0.010000000000;0.000000000000;0.000000000000;0.000000000000;0.000000000000;0.000000000000;"PARTIAL";1.00000000;0.10000000;1000.00000000;0.10000000;0.00000000;0;0;34.00;1;4;2;127;2;15;5;-6.82000000;0.50000000;5;0.00000000;0.00000000;1.00000000;0.00000000;0.00000000;0.00000000;365
"2026.08.14 08:38:38";"Bybit-Live-4";"Infra Capital Limited";"UST";500;"AIG.s";"American International Group";"STP\Stocks.s\US.s\AIG.s";"USD";"USD";"USD";2;0.010000000000;0.010000000000;0.000000000000;0.000000000000;0.000000000000;0.000000000000;0.000000000000;"PARTIAL";1.00000000;0.10000000;1000.00000000;0.10000000;0.00000000;0;0;35.00;1;4;2;127;2;15;5;-6.82000000;0.50000000;5;0.00000000;0.00000000;1.00000000;0.00000000;0.00000000;0.00000000;365
"2026.08.14 08:38:38";"Bybit-Live-4";"Infra Capital Limited";"UST";500;"ALLC.s";"Allstate Corporation";"STP\Stocks.s\US.s\ALLC.s";"USD";"USD";"USD";2;0.010000000000;0.010000000000;0.000000000000;0.000000000000;0.000000000000;0.000000000000;0.000000000000;"PARTIAL";1.00000000;0.10000000;1000.00000000;0.10000000;0.00000000;0;0;52.00;1;4;2;127;2;15;5;-6.82000000;0.50000000;5;0.00000000;0.00000000;1.00000000;0.00000000;0.00000000;0.00000000;365
"2026.08.14 08:38:38";"Bybit-Live-4";"Infra Capital Limited";"UST";500;"AMD.s";"Advanced Micro Devices / AMD";"STP\Stocks.s\US.s\AMD.s";"USD";"USD";"USD";2;0.010000000000;0.010000000000;0.000000000000;0.000000000000;0.000000000000;0.000000000000;0.000000000000;"PARTIAL";1.00000000;0.10000000;1000.00000000;0.10000000;0.00000000;0;0;39.00;1;4;2;127;2;15;5;-6.82000000;0.50000000;5;0.00000000;0.00000000;1.00000000;0.00000000;0.00000000;0.00000000;365
"2026.08.14 08:38:38";"Bybit-Live-4";"Infra Capital Limited";"UST";500;"AMGN.s";"Amgen Inc";"STP\Stocks.s\US.s\AMGN.s";"USD";"USD";"USD";2;0.010000000000;0.010000000000;0.000000000000;0.000000000000;0.000000000000;0.000000000000;0.000000000000;"PARTIAL";1.00000000;0.10000000;1000.00000000;0.10000000;0.00000000;0;0;52.00;1;4;2;127;2;15;5;-6.82000000;0.50000000;5;0.00000000;0.00000000;1.00000000;0.00000000;0.00000000;0.00000000;365
"2026.08.14 08:38:38";"Bybit-Live-4";"Infra Capital Limited";"UST";500;"AMT.s";"American Tower Corp";"STP\Stocks.s\US.s\AMT.s";"USD";"USD";"USD";2;0.010000000000;0.010000000000;0.000000000000;0.000000000000;0.000000000000;0.000000000000;0.000000000000;"PARTIAL";1.00000000;0.10000000;1000.00000000;0.10000000;0.00000000;0;0;47.00;1;4;2;127;2;15;5;-6.82000000;0.50000000;5;0.00000000;0.00000000;1.00000000;0.00000000;0.00000000;0.00000000;365
"2026.08.14 08:38:38";"Bybit-Live-4";"Infra Capital Limited";"UST";500;"AON.s";"Aon PLC";"STP\Stocks.s\US.s\AON.s";"USD";"USD";"USD";2;0.010000000000;0.010000000000;0.000000000000;0.000000000000;0.000000000000;0.000000000000;0.000000000000;"PARTIAL";1.00000000;0.10000000;1000.00000000;0.10000000;0.00000000;0;0;56.00;1;4;2;127;2;15;5;-6.82000000;0.50000000;5;0.00000000;0.00000000;1.00000000;0.00000000;0.00000000;0.00000000;365
"2026.08.14 08:38:38";"Bybit-Live-4";"Infra Capital Limited";"UST";500;"APD.s";"Air Products & Chemicals Inc";"STP\Stocks.s\US.s\APD.s";"USD";"USD";"USD";2;0.010000000000;0.010000000000;0.000000000000;0.000000000000;0.000000000000;0.000000000000;0.000000000000;"PARTIAL";1.00000000;0.10000000;1000.00000000;0.10000000;0.00000000;0;0;55.00;1;4;2;127;2;15;5;-6.82000000;0.50000000;5;0.00000000;0.00000000;1.00000000;0.00000000;0.00000000;0.00000000;365
"2026.08.14 08:38:38";"Bybit-Live-4";"Infra Capital Limited";"UST";500;"APTV.s";"Aptiv PLC";"STP\Stocks.s\US.s\APTV.s";"USD";"USD";"USD";2;0.010000000000;0.010000000000;0.000000000000;0.000000000000;0.000000000000;0.000000000000;0.000000000000;"PARTIAL";1.00000000;0.10000000;1000.00000000;0.10000000;0.00000000;0;0;37.00;1;4;2;127;2;15;5;-6.82000000;0.50000000;5;0.00000000;0.00000000;1.00000000;0.00000000;0.00000000;0.00000000;365
"2026.08.14 08:38:38";"Bybit-Live-4";"Infra Capital Limited";"UST";500;"AUPH.s";"Aurinia Pharmaceuticals Inc";"STP\Stocks.s\US.s\AUPH.s";"USD";"USD";"USD";2;0.010000000000;0.010000000000;0.000000000000;0.000000000000;0.000000000000;0.000000000000;0.000000000000;"PARTIAL";1.00000000;0.10000000;1000.00000000;0.10000000;0.00000000;0;0;34.00;1;4;2;127;2;15;5;-6.82000000;0.50000000;5;0.00000000;0.00000000;1.00000000;0.00000000;0.00000000;0.00000000;365
"2026.08.14 08:38:38";"Bybit-Live-4";"Infra Capital Limited";"UST";500;"BAX.s";"Baxter International Inc";"STP\Stocks.s\US.s\BAX.s";"USD";"USD";"USD";2;0.010000000000;0.010000000000;0.000000000000;0.000000000000;0.000000000000;0.000000000000;0.000000000000;"PARTIAL";1.00000000;0.10000000;1000.00000000;0.10000000;0.00000000;0;0;35.00;1;4;2;127;2;15;5;-6.82000000;0.50000000;5;0.00000000;0.00000000;1.00000000;0.00000000;0.00000000;0.00000000;365
"2026.08.14 08:38:38";"Bybit-Live-4";"Infra Capital Limited";"UST";500;"BBD.s";"Banco Bradesco";"STP\Stocks.s\US.s\BBD.s";"USD";"USD";"USD";2;0.010000000000;0.010000000000;0.000000000000;0.000000000000;0.000000000000;0.000000000000;0.000000000000;"PARTIAL";1.00000000;0.10000000;1000.00000000;0.10000000;0.00000000;0;0;34.00;1;4;2;127;2;15;5;-6.82000000;0.50000000;5;0.00000000;0.00000000;1.00000000;0.00000000;0.00000000;0.00000000;365
"2026.08.14 08:38:38";"Bybit-Live-4";"Infra Capital Limited";"UST";500;"BBWI.s";"Bath & Body Works Inc";"STP\Stocks.s\US.s\BBWI.s";"USD";"USD";"USD";2;0.010000000000;0.010000000000;0.000000000000;0.000000000000;0.000000000000;0.000000000000;0.000000000000;"PARTIAL";1.00000000;0.10000000;1000.00000000;0.10000000;0.00000000;0;0;34.00;1;4;2;127;2;15;5;-6.82000000;0.50000000;5;0.00000000;0.00000000;1.00000000;0.00000000;0.00000000;0.00000000;365
"2026.08.14 08:38:38";"Bybit-Live-4";"Infra Capital Limited";"UST";500;"BDX.s";"Becton Dickinson & Co";"STP\Stocks.s\US.s\BDX.s";"USD";"USD";"USD";2;0.010000000000;0.010000000000;0.000000000000;0.000000000000;0.000000000000;0.000000000000;0.000000000000;"PARTIAL";1.00000000;0.10000000;1000.00000000;0.10000000;0.00000000;0;0;50.00;1;4;2;127;2;15;5;-6.82000000;0.50000000;5;0.00000000;0.00000000;1.00000000;0.00000000;0.00000000;0.00000000;365
"2026.08.14 08:38:38";"Bybit-Live-4";"Infra Capital Limited";"UST";500;"BE.s";"Bloom Energy Corp";"STP\Stocks.s\US.s\BE.s";"USD";"USD";"USD";2;0.010000000000;0.010000000000;0.000000000000;0.000000000000;0.000000000000;0.000000000000;0.000000000000;"PARTIAL";1.00000000;0.10000000;1000.00000000;0.10000000;0.00000000;0;0;59.00;1;4;2;127;2;15;5;-6.82000000;0.50000000;5;0.00000000;0.00000000;1.00000000;0.00000000;0.00000000;0.00000000;365
"2026.08.14 08:38:38";"Bybit-Live-4";"Infra Capital Limited";"UST";500;"BEN.s";"Franklin Resources Inc";"STP\Stocks.s\US.s\BEN.s";"USD";"USD";"USD";2;0.010000000000;0.010000000000;0.000000000000;0.000000000000;0.000000000000;0.000000000000;0.000000000000;"PARTIAL";1.00000000;0.10000000;1000.00000000;0.10000000;0.00000000;0;0;34.00;1;4;2;127;2;15;5;-6.82000000;0.50000000;5;0.00000000;0.00000000;1.00000000;0.00000000;0.00000000;0.00000000;365
"2026.08.14 08:38:38";"Bybit-Live-4";"Infra Capital Limited";"UST";500;"BKNG.s";"Booking Holdings Inc";"STP\Stocks.s\US.s\BKNG.s";"USD";"USD";"USD";2;0.010000000000;0.010000000000;0.000000000000;0.000000000000;0.000000000000;0.000000000000;0.000000000000;"PARTIAL";1.00000000;0.10000000;1000.00000000;0.10000000;0.00000000;0;0;48.00;1;4;2;127;2;15;5;-6.82000000;0.50000000;5;0.00000000;0.00000000;1.00000000;0.00000000;0.00000000;0.00000000;365
"2026.08.14 08:38:38";"Bybit-Live-4";"Infra Capital Limited";"UST";500;"BKR.s";"Baker Hughes Co";"STP\Stocks.s\US.s\BKR.s";"USD";"USD";"USD";2;0.010000000000;0.010000000000;0.000000000000;0.000000000000;0.000000000000;0.000000000000;0.000000000000;"PARTIAL";1.00000000;0.10000000;1000.00000000;0.10000000;0.00000000;0;0;34.00;1;4;2;127;2;15;5;-6.82000000;0.50000000;5;0.00000000;0.00000000;1.00000000;0.00000000;0.00000000;0.00000000;365
"2026.08.14 08:38:38";"Bybit-Live-4";"Infra Capital Limited";"UST";500;"BLDP.s";"Ballard Power Systems Inc";"STP\Stocks.s\US.s\BLDP.s";"USD";"USD";"USD";2;0.010000000000;0.010000000000;0.000000000000;0.000000000000;0.000000000000;0.000000000000;0.000000000000;"PARTIAL";1.00000000;0.10000000;1000.00000000;0.10000000;0.00000000;0;0;34.00;1;4;2;127;2;15;5;-6.82000000;0.50000000;5;0.00000000;0.00000000;1.00000000;0.00000000;0.00000000;0.00000000;365
"2026.08.14 08:38:38";"Bybit-Live-4";"Infra Capital Limited";"UST";500;"BLK.s";"Blackrock Inc";"STP\Stocks.s\US.s\BLK.s";"USD";"USD";"USD";2;0.010000000000;0.010000000000;0.000000000000;0.000000000000;0.000000000000;0.000000000000;0.000000000000;"PARTIAL";1.00000000;0.10000000;1000.00000000;0.10000000;0.00000000;0;0;187.00;1;4;2;127;2;15;5;-6.82000000;0.50000000;5;0.00000000;0.00000000;1.00000000;0.00000000;0.00000000;0.00000000;365
"2026.08.14 08:38:38";"Bybit-Live-4";"Infra Capital Limited";"UST";500;"BMBL.s";"Bumble Inc";"STP\Stocks.s\US.s\BMBL.s";"USD";"USD";"USD";2;0.010000000000;0.010000000000;0.000000000000;0.000000000000;0.000000000000;0.000000000000;0.000000000000;"PARTIAL";1.00000000;0.10000000;1000.00000000;0.10000000;0.00000000;0;0;34.00;1;4;2;127;2;15;5;-6.82000000;0.50000000;5;0.00000000;0.00000000;1.00000000;0.00000000;0.00000000;0.00000000;365
"2026.08.14 08:38:38";"Bybit-Live-4";"Infra Capital Limited";"UST";500;"BMRN.s";"BioMarin Pharmaceutical Inc";"STP\Stocks.s\US.s\BMRN.s";"USD";"USD";"USD";2;0.010000000000;0.010000000000;0.000000000000;0.000000000000;0.000000000000;0.000000000000;0.000000000000;"PARTIAL";1.00000000;0.10000000;1000.00000000;0.10000000;0.00000000;0;0;37.00;1;4;2;127;2;15;5;-6.82000000;0.50000000;5;0.00000000;0.00000000;1.00000000;0.00000000;0.00000000;0.00000000;365
"2026.08.14 08:38:38";"Bybit-Live-4";"Infra Capital Limited";"UST";500;"BMY.s";"Bristol-Myers Squibb Co";"STP\Stocks.s\US.s\BMY.s";"USD";"USD";"USD";2;0.010000000000;0.010000000000;0.000000000000;0.000000000000;0.000000000000;0.000000000000;0.000000000000;"PARTIAL";1.00000000;0.10000000;1000.00000000;0.10000000;0.00000000;0;0;37.00;1;4;2;127;2;15;5;-6.82000000;0.50000000;5;0.00000000;0.00000000;1.00000000;0.00000000;0.00000000;0.00000000;365
"2026.08.14 08:38:38";"Bybit-Live-4";"Infra Capital Limited";"UST";500;"BRKB.s";"Berkshire Hathaway Inc - Class B";"STP\Stocks.s\US.s\BRKB.s";"USD";"USD";"USD";2;0.010000000000;0.010000000000;0.000000000000;0.000000000000;0.000000000000;0.000000000000;0.000000000000;"PARTIAL";1.00000000;0.10000000;1000.00000000;0.10000000;0.00000000;0;0;57.00;1;4;2;127;2;15;5;-6.82000000;0.50000000;5;0.00000000;0.00000000;1.00000000;0.00000000;0.00000000;0.00000000;365
"2026.08.14 08:38:38";"Bybit-Live-4";"Infra Capital Limited";"UST";500;"CAH.s";"Cardinal Health Inc";"STP\Stocks.s\US.s\CAH.s";"USD";"USD";"USD";2;0.010000000000;0.010000000000;0.000000000000;0.000000000000;0.000000000000;0.000000000000;0.000000000000;"PARTIAL";1.00000000;0.10000000;1000.00000000;0.10000000;0.00000000;0;0;42.00;1;4;2;127;2;15;5;-6.82000000;0.50000000;5;0.00000000;0.00000000;1.00000000;0.00000000;0.00000000;0.00000000;365
"2026.08.14 08:38:38";"Bybit-Live-4";"Infra Capital Limited";"UST";500;"CBOE.s";"Cboe Global Markets Inc";"STP\Stocks.s\US.s\CBOE.s";"USD";"USD";"USD";2;0.010000000000;0.010000000000;0.000000000000;0.000000000000;0.000000000000;0.000000000000;0.000000000000;"PARTIAL";1.00000000;0.10000000;1000.00000000;0.10000000;0.00000000;0;0;57.00;1;4;2;127;2;15;5;-6.82000000;0.50000000;5;0.00000000;0.00000000;1.00000000;0.00000000;0.00000000;0.00000000;365
"2026.08.14 08:38:38";"Bybit-Live-4";"Infra Capital Limited";"UST";500;"CCI.s";"Crown Castle Intl Corp";"STP\Stocks.s\US.s\CCI.s";"USD";"USD";"USD";2;0.010000000000;0.010000000000;0.000000000000;0.000000000000;0.000000000000;0.000000000000;0.000000000000;"PARTIAL";1.00000000;0.10000000;1000.00000000;0.10000000;0.00000000;0;0;40.00;1;4;2;127;2;15;5;-7.89000000;1.81000000;5;0.00000000;0.00000000;1.00000000;0.00000000;0.00000000;0.00000000;365
"2026.08.14 08:38:38";"Bybit-Live-4";"Infra Capital Limited";"UST";500;"CDNS.s";"Cadence Design Systems Inc";"STP\Stocks.s\US.s\CDNS.s";"USD";"USD";"USD";2;0.010000000000;0.010000000000;0.000000000000;0.000000000000;0.000000000000;0.000000000000;0.000000000000;"PARTIAL";1.00000000;0.10000000;1000.00000000;0.10000000;0.00000000;0;0;42.00;1;4;2;127;2;15;5;-6.82000000;0.50000000;5;0.00000000;0.00000000;1.00000000;0.00000000;0.00000000;0.00000000;365
"2026.08.14 08:38:38";"Bybit-Live-4";"Infra Capital Limited";"UST";500;"CFG.s";"Citizens Financial Group";"STP\Stocks.s\US.s\CFG.s";"USD";"USD";"USD";2;0.010000000000;0.010000000000;0.000000000000;0.000000000000;0.000000000000;0.000000000000;0.000000000000;"PARTIAL";1.00000000;0.10000000;1000.00000000;0.10000000;0.00000000;0;0;34.00;1;4;2;127;2;15;5;-6.82000000;0.50000000;5;0.00000000;0.00000000;1.00000000;0.00000000;0.00000000;0.00000000;365
"2026.08.14 08:38:38";"Bybit-Live-4";"Infra Capital Limited";"UST";500;"CHTR.s";"Charter Communications Inc";"STP\Stocks.s\US.s\CHTR.s";"USD";"USD";"USD";2;0.010000000000;0.010000000000;0.000000000000;0.000000000000;0.000000000000;0.000000000000;0.000000000000;"PARTIAL";1.00000000;0.10000000;1000.00000000;0.10000000;0.00000000;0;0;56.00;1;4;2;127;2;15;5;-6.82000000;0.50000000;5;0.00000000;0.00000000;1.00000000;0.00000000;0.00000000;0.00000000;365
"2026.08.14 08:38:38";"Bybit-Live-4";"Infra Capital Limited";"UST";500;"CIB.s";"Grupo Cibest S.A.";"STP\Stocks.s\US.s\CIB.s";"USD";"USD";"USD";2;0.010000000000;0.010000000000;0.000000000000;0.000000000000;0.000000000000;0.000000000000;0.000000000000;"PARTIAL";1.00000000;0.10000000;1000.00000000;0.10000000;0.00000000;0;0;63.00;1;4;2;127;2;15;5;-6.82000000;0.50000000;5;0.00000000;0.00000000;1.00000000;0.00000000;0.00000000;0.00000000;365
"2026.08.14 08:38:38";"Bybit-Live-4";"Infra Capital Limited";"UST";500;"CIM.s";"Chimera Investment Corp";"STP\Stocks.s\US.s\CIM.s";"USD";"USD";"USD";2;0.010000000000;0.010000000000;0.000000000000;0.000000000000;0.000000000000;0.000000000000;0.000000000000;"PARTIAL";1.00000000;0.10000000;1000.00000000;0.10000000;0.00000000;0;0;34.00;1;4;2;127;2;15;5;-6.82000000;0.50000000;5;0.00000000;0.00000000;1.00000000;0.00000000;0.00000000;0.00000000;365
"2026.08.14 08:38:38";"Bybit-Live-4";"Infra Capital Limited";"UST";500;"CL.s";"Colgate-Palmolive Co";"STP\Stocks.s\US.s\CL.s";"USD";"USD";"USD";2;0.010000000000;0.010000000000;0.000000000000;0.000000000000;0.000000000000;0.000000000000;0.000000000000;"PARTIAL";1.00000000;0.10000000;1000.00000000;0.10000000;0.00000000;0;0;36.00;1;4;2;127;2;15;5;-6.82000000;0.50000000;5;0.00000000;0.00000000;1.00000000;0.00000000;0.00000000;0.00000000;365
"2026.08.14 08:38:38";"Bybit-Live-4";"Infra Capital Limited";"UST";500;"CLX.s";"Clorox Company";"STP\Stocks.s\US.s\CLX.s";"USD";"USD";"USD";2;0.010000000000;0.010000000000;0.000000000000;0.000000000000;0.000000000000;0.000000000000;0.000000000000;"PARTIAL";1.00000000;0.10000000;1000.00000000;0.10000000;0.00000000;0;0;50.00;1;4;2;127;2;15;5;-6.82000000;0.50000000;5;0.00000000;0.00000000;1.00000000;0.00000000;0.00000000;0.00000000;365
"2026.08.14 08:38:38";"Bybit-Live-4";"Infra Capital Limited";"UST";500;"COR.s";"Cencora Inc.";"STP\Stocks.s\US.s\COR.s";"USD";"USD";"USD";2;0.010000000000;0.010000000000;0.000000000000;0.000000000000;0.000000000000;0.000000000000;0.000000000000;"PARTIAL";1.00000000;0.10000000;1000.00000000;0.10000000;0.00000000;0;0;48.00;1;4;2;127;2;15;5;-6.82000000;0.50000000;5;0.00000000;0.00000000;1.00000000;0.00000000;0.00000000;0.00000000;365
"2026.08.14 08:38:38";"Bybit-Live-4";"Infra Capital Limited";"UST";500;"COST.s";"Costco Wholesale Corp";"STP\Stocks.s\US.s\COST.s";"USD";"USD";"USD";2;0.010000000000;0.010000000000;0.000000000000;0.000000000000;0.000000000000;0.000000000000;0.000000000000;"PARTIAL";1.00000000;0.10000000;1000.00000000;0.10000000;0.00000000;0;0;94.00;1;4;2;127;2;15;5;-6.82000000;0.50000000;5;0.00000000;0.00000000;1.00000000;0.00000000;0.00000000;0.00000000;365
"2026.08.14 08:38:38";"Bybit-Live-4";"Infra Capital Limited";"UST";500;"COTY.s";"Coty Inc";"STP\Stocks.s\US.s\COTY.s";"USD";"USD";"USD";2;0.010000000000;0.010000000000;0.000000000000;0.000000000000;0.000000000000;0.000000000000;0.000000000000;"PARTIAL";1.00000000;0.10000000;1000.00000000;0.10000000;0.00000000;0;0;34.00;1;4;2;127;2;15;5;-6.82000000;0.50000000;5;0.00000000;0.00000000;1.00000000;0.00000000;0.00000000;0.00000000;365
"2026.08.14 08:38:38";"Bybit-Live-4";"Infra Capital Limited";"UST";500;"CPRI.s";"Capri Holdings Ltd";"STP\Stocks.s\US.s\CPRI.s";"USD";"USD";"USD";2;0.010000000000;0.010000000000;0.000000000000;0.000000000000;0.000000000000;0.000000000000;0.000000000000;"PARTIAL";1.00000000;0.10000000;1000.00000000;0.10000000;0.00000000;0;0;34.00;1;4;2;127;2;15;5;-6.82000000;0.50000000;5;0.00000000;0.00000000;1.00000000;0.00000000;0.00000000;0.00000000;365
"2026.08.14 08:38:38";"Bybit-Live-4";"Infra Capital Limited";"UST";500;"CRON.s";"Cronos Group Inc";"STP\Stocks.s\US.s\CRON.s";"USD";"USD";"USD";2;0.010000000000;0.010000000000;0.000000000000;0.000000000000;0.000000000000;0.000000000000;0.000000000000;"PARTIAL";1.00000000;0.10000000;1000.00000000;0.10000000;0.00000000;0;0;34.00;1;4;2;127;2;15;5;-6.82000000;0.50000000;5;0.00000000;0.00000000;1.00000000;0.00000000;0.00000000;0.00000000;365
"2026.08.14 08:38:38";"Bybit-Live-4";"Infra Capital Limited";"UST";500;"CRWD.s";"Crowdstrike Holdings Inc";"STP\Stocks.s\US.s\CRWD.s";"USD";"USD";"USD";2;0.010000000000;0.010000000000;0.000000000000;0.000000000000;0.000000000000;0.000000000000;0.000000000000;"PARTIAL";1.00000000;0.10000000;1000.00000000;0.10000000;0.00000000;0;0;42.00;1;3;2;127;2;15;5;-6.82000000;0.50000000;5;0.00000000;0.00000000;1.00000000;0.00000000;0.00000000;0.00000000;365
"2026.08.14 08:38:38";"Bybit-Live-4";"Infra Capital Limited";"UST";500;"CSX.s";"CSX Corp";"STP\Stocks.s\US.s\CSX.s";"USD";"USD";"USD";2;0.010000000000;0.010000000000;0.000000000000;0.000000000000;0.000000000000;0.000000000000;0.000000000000;"PARTIAL";1.00000000;0.10000000;1000.00000000;0.10000000;0.00000000;0;0;34.00;1;4;2;127;2;15;5;-6.82000000;0.50000000;5;0.00000000;0.00000000;1.00000000;0.00000000;0.00000000;0.00000000;365
"2026.08.14 08:38:38";"Bybit-Live-4";"Infra Capital Limited";"UST";500;"CTSH.s";"Cognizant Tech Solutions - Class A";"STP\Stocks.s\US.s\CTSH.s";"USD";"USD";"USD";2;0.010000000000;0.010000000000;0.000000000000;0.000000000000;0.000000000000;0.000000000000;0.000000000000;"PARTIAL";1.00000000;0.10000000;1000.00000000;0.10000000;0.00000000;0;0;36.00;1;4;2;127;2;15;5;-6.82000000;0.50000000;5;0.00000000;0.00000000;1.00000000;0.00000000;0.00000000;0.00000000;365
"2026.08.14 08:38:38";"Bybit-Live-4";"Infra Capital Limited";"UST";500;"DAL.s";"Delta Air Lines Inc";"STP\Stocks.s\US.s\DAL.s";"USD";"USD";"USD";2;0.010000000000;0.010000000000;0.000000000000;0.000000000000;0.000000000000;0.000000000000;0.000000000000;"PARTIAL";1.00000000;0.10000000;1000.00000000;0.10000000;0.00000000;0;0;35.00;1;4;2;127;2;15;5;-6.82000000;0.50000000;5;0.00000000;0.00000000;1.00000000;0.00000000;0.00000000;0.00000000;365
"2026.08.14 08:38:38";"Bybit-Live-4";"Infra Capital Limited";"UST";500;"DD.s";"DuPont de Nemours Inc";"STP\Stocks.s\US.s\DD.s";"USD";"USD";"USD";2;0.010000000000;0.010000000000;0.000000000000;0.000000000000;0.000000000000;0.000000000000;0.000000000000;"PARTIAL";1.00000000;0.10000000;1000.00000000;0.10000000;0.00000000;0;0;44.00;1;1;2;127;2;15;5;-6.82000000;0.50000000;5;0.00000000;0.00000000;1.00000000;0.00000000;0.00000000;0.00000000;365
"2026.08.14 08:38:38";"Bybit-Live-4";"Infra Capital Limited";"UST";500;"DELL.s";"Dell Technologies Inc";"STP\Stocks.s\US.s\DELL.s";"USD";"USD";"USD";2;0.010000000000;0.010000000000;0.000000000000;0.000000000000;0.000000000000;0.000000000000;0.000000000000;"PARTIAL";1.00000000;0.10000000;1000.00000000;0.10000000;0.00000000;0;0;81.00;1;4;2;127;2;15;5;-6.82000000;0.50000000;5;0.00000000;0.00000000;1.00000000;0.00000000;0.00000000;0.00000000;365
"2026.08.14 08:38:38";"Bybit-Live-4";"Infra Capital Limited";"UST";500;"DLR.s";"Digital Realty Trust Inc";"STP\Stocks.s\US.s\DLR.s";"USD";"USD";"USD";2;0.010000000000;0.010000000000;0.000000000000;0.000000000000;0.000000000000;0.000000000000;0.000000000000;"PARTIAL";1.00000000;0.10000000;1000.00000000;0.10000000;0.00000000;0;0;45.00;1;4;2;127;2;15;5;-6.82000000;0.50000000;5;0.00000000;0.00000000;1.00000000;0.00000000;0.00000000;0.00000000;365
"2026.08.14 08:38:38";"Bybit-Live-4";"Infra Capital Limited";"UST";500;"DLTR.s";"Dollar Tree Inc";"STP\Stocks.s\US.s\DLTR.s";"USD";"USD";"USD";2;0.010000000000;0.010000000000;0.000000000000;0.000000000000;0.000000000000;0.000000000000;0.000000000000;"PARTIAL";1.00000000;0.10000000;1000.00000000;0.10000000;0.00000000;0;0;41.00;1;4;2;127;2;15;5;-6.82000000;0.50000000;5;0.00000000;0.00000000;1.00000000;0.00000000;0.00000000;0.00000000;365
"2026.08.14 08:38:38";"Bybit-Live-4";"Infra Capital Limited";"UST";500;"DOCU.s";"DocuSign Inc";"STP\Stocks.s\US.s\DOCU.s";"USD";"USD";"USD";2;0.010000000000;0.010000000000;0.000000000000;0.000000000000;0.000000000000;0.000000000000;0.000000000000;"PARTIAL";1.00000000;0.10000000;1000.00000000;0.10000000;0.00000000;0;0;35.00;1;4;2;127;2;15;5;-6.82000000;0.50000000;5;0.00000000;0.00000000;1.00000000;0.00000000;0.00000000;0.00000000;365
"2026.08.14 08:38:38";"Bybit-Live-4";"Infra Capital Limited";"UST";500;"DTE.s";"DTE Energy Co";"STP\Stocks.s\US.s\DTE.s";"USD";"USD";"USD";2;0.010000000000;0.010000000000;0.000000000000;0.000000000000;0.000000000000;0.000000000000;0.000000000000;"PARTIAL";1.00000000;0.10000000;1000.00000000;0.10000000;0.00000000;0;0;47.00;1;4;2;127;2;15;5;-6.82000000;0.50000000;5;0.00000000;0.00000000;1.00000000;0.00000000;0.00000000;0.00000000;365
"2026.08.14 08:38:38";"Bybit-Live-4";"Infra Capital Limited";"UST";500;"DVN.s";"Devon Energy Corp";"STP\Stocks.s\US.s\DVN.s";"USD";"USD";"USD";2;0.010000000000;0.010000000000;0.000000000000;0.000000000000;0.000000000000;0.000000000000;0.000000000000;"PARTIAL";1.00000000;0.10000000;1000.00000000;0.10000000;0.00000000;0;0;36.00;1;4;2;127;2;15;5;-6.82000000;0.50000000;5;0.00000000;0.00000000;1.00000000;0.00000000;0.00000000;0.00000000;365
"2026.08.14 08:38:38";"Bybit-Live-4";"Infra Capital Limited";"UST";500;"ECL.s";"Ecolab Inc";"STP\Stocks.s\US.s\ECL.s";"USD";"USD";"USD";2;0.010000000000;0.010000000000;0.000000000000;0.000000000000;0.000000000000;0.000000000000;0.000000000000;"PARTIAL";1.00000000;0.10000000;1000.00000000;0.10000000;0.00000000;0;0;50.00;1;4;2;127;2;15;5;-6.82000000;0.50000000;5;0.00000000;0.00000000;1.00000000;0.00000000;0.00000000;0.00000000;365
"2026.08.14 08:38:38";"Bybit-Live-4";"Infra Capital Limited";"UST";500;"ED.s";"Consolidated Edison Inc";"STP\Stocks.s\US.s\ED.s";"USD";"USD";"USD";2;0.010000000000;0.010000000000;0.000000000000;0.000000000000;0.000000000000;0.000000000000;0.000000000000;"PARTIAL";1.00000000;0.10000000;1000.00000000;0.10000000;0.00000000;0;0;38.00;1;4;2;127;2;15;5;-6.82000000;0.50000000;5;0.00000000;0.00000000;1.00000000;0.00000000;0.00000000;0.00000000;365
"2026.08.14 08:38:38";"Bybit-Live-4";"Infra Capital Limited";"UST";500;"EDU.s";"New Oriental Education (ADRs)";"STP\Stocks.s\US.s\EDU.s";"USD";"USD";"USD";2;0.010000000000;0.010000000000;0.000000000000;0.000000000000;0.000000000000;0.000000000000;0.000000000000;"PARTIAL";1.00000000;0.10000000;1000.00000000;0.10000000;0.00000000;0;0;39.00;1;4;2;127;2;15;5;-6.82000000;0.50000000;5;0.00000000;0.00000000;1.00000000;0.00000000;0.00000000;0.00000000;365
"2026.08.14 08:38:38";"Bybit-Live-4";"Infra Capital Limited";"UST";500;"EMR.s";"Emerson Electric Co";"STP\Stocks.s\US.s\EMR.s";"USD";"USD";"USD";2;0.010000000000;0.010000000000;0.000000000000;0.000000000000;0.000000000000;0.000000000000;0.000000000000;"PARTIAL";1.00000000;0.10000000;1000.00000000;0.10000000;0.00000000;0;0;39.00;1;4;2;127;2;15;5;-6.82000000;0.50000000;5;0.00000000;0.00000000;1.00000000;0.00000000;0.00000000;0.00000000;365
"2026.08.14 08:38:38";"Bybit-Live-4";"Infra Capital Limited";"UST";500;"EPD.s";"Enterprise Products Partners LP";"STP\Stocks.s\US.s\EPD.s";"USD";"USD";"USD";2;0.010000000000;0.010000000000;0.000000000000;0.000000000000;0.000000000000;0.000000000000;0.000000000000;"PARTIAL";1.00000000;0.10000000;1000.00000000;0.10000000;0.00000000;0;0;34.00;1;4;2;127;2;15;5;-6.82000000;0.50000000;5;0.00000000;0.00000000;1.00000000;0.00000000;0.00000000;0.00000000;365
"2026.08.14 08:38:38";"Bybit-Live-4";"Infra Capital Limited";"UST";500;"EQR.s";"Equity Residential";"STP\Stocks.s\US.s\EQR.s";"USD";"USD";"USD";2;0.010000000000;0.010000000000;0.000000000000;0.000000000000;0.000000000000;0.000000000000;0.000000000000;"PARTIAL";1.00000000;0.10000000;1000.00000000;0.10000000;0.00000000;0;0;36.00;1;4;2;127;2;15;5;-6.82000000;0.50000000;5;0.00000000;0.00000000;1.00000000;0.00000000;0.00000000;0.00000000;365
"2026.08.14 08:38:38";"Bybit-Live-4";"Infra Capital Limited";"UST";500;"ESL.s";"Estee Lauder Companies Inc";"STP\Stocks.s\US.s\ESL.s";"USD";"USD";"USD";2;0.010000000000;0.010000000000;0.000000000000;0.000000000000;0.000000000000;0.000000000000;0.000000000000;"PARTIAL";1.00000000;0.10000000;1000.00000000;0.10000000;0.00000000;0;0;46.00;1;4;2;127;2;15;5;-6.82000000;0.50000000;5;0.00000000;0.00000000;1.00000000;0.00000000;0.00000000;0.00000000;365
"2026.08.14 08:38:38";"Bybit-Live-4";"Infra Capital Limited";"UST";500;"ESS.s";"Essex Property Trust Inc";"STP\Stocks.s\US.s\ESS.s";"USD";"USD";"USD";2;0.010000000000;0.010000000000;0.000000000000;0.000000000000;0.000000000000;0.000000000000;0.000000000000;"PARTIAL";1.00000000;0.10000000;1000.00000000;0.10000000;0.00000000;0;0;84.00;1;4;2;127;2;15;5;-6.82000000;0.50000000;5;0.00000000;0.00000000;1.00000000;0.00000000;0.00000000;0.00000000;365
"2026.08.14 08:38:38";"Bybit-Live-4";"Infra Capital Limited";"UST";500;"ETN.s";"Eaton Corp PLC";"STP\Stocks.s\US.s\ETN.s";"USD";"USD";"USD";2;0.010000000000;0.010000000000;0.000000000000;0.000000000000;0.000000000000;0.000000000000;0.000000000000;"PARTIAL";1.00000000;0.10000000;1000.00000000;0.10000000;0.00000000;0;0;44.00;1;4;2;127;2;15;5;-6.82000000;0.50000000;5;0.00000000;0.00000000;1.00000000;0.00000000;0.00000000;0.00000000;365
"2026.08.14 08:38:38";"Bybit-Live-4";"Infra Capital Limited";"UST";500;"ETSY.s";"Etsy Inc";"STP\Stocks.s\US.s\ETSY.s";"USD";"USD";"USD";2;0.010000000000;0.010000000000;0.000000000000;0.000000000000;0.000000000000;0.000000000000;0.000000000000;"PARTIAL";1.00000000;0.10000000;1000.00000000;0.10000000;0.00000000;0;0;39.00;1;4;2;127;2;15;5;-6.82000000;0.50000000;5;0.00000000;0.00000000;1.00000000;0.00000000;0.00000000;0.00000000;365
"2026.08.14 08:38:38";"Bybit-Live-4";"Infra Capital Limited";"UST";500;"EW.s";"Edwards Lifesciences Corp";"STP\Stocks.s\US.s\EW.s";"USD";"USD";"USD";2;0.010000000000;0.010000000000;0.000000000000;0.000000000000;0.000000000000;0.000000000000;0.000000000000;"PARTIAL";1.00000000;0.10000000;1000.00000000;0.10000000;0.00000000;0;0;36.00;1;4;2;127;2;15;5;-6.82000000;0.50000000;5;0.00000000;0.00000000;1.00000000;0.00000000;0.00000000;0.00000000;365
"2026.08.14 08:38:38";"Bybit-Live-4";"Infra Capital Limited";"UST";500;"EXC.s";"Exelon Corp";"STP\Stocks.s\US.s\EXC.s";"USD";"USD";"USD";2;0.010000000000;0.010000000000;0.000000000000;0.000000000000;0.000000000000;0.000000000000;0.000000000000;"PARTIAL";1.00000000;0.10000000;1000.00000000;0.10000000;0.00000000;0;0;34.00;1;4;2;127;2;15;5;-6.82000000;0.50000000;5;0.00000000;0.00000000;1.00000000;0.00000000;0.00000000;0.00000000;365
"2026.08.14 08:38:38";"Bybit-Live-4";"Infra Capital Limited";"UST";500;"EXPE.s";"Expedia Group Inc";"STP\Stocks.s\US.s\EXPE.s";"USD";"USD";"USD";2;0.010000000000;0.010000000000;0.000000000000;0.000000000000;0.000000000000;0.000000000000;0.000000000000;"PARTIAL";1.00000000;0.10000000;1000.00000000;0.10000000;0.00000000;0;0;60.00;1;4;2;127;2;15;5;-6.82000000;0.50000000;5;0.00000000;0.00000000;1.00000000;0.00000000;0.00000000;0.00000000;365
"2026.08.14 08:38:38";"Bybit-Live-4";"Infra Capital Limited";"UST";500;"FAST.s";"Fastenal Co";"STP\Stocks.s\US.s\FAST.s";"USD";"USD";"USD";2;0.010000000000;0.010000000000;0.000000000000;0.000000000000;0.000000000000;0.000000000000;0.000000000000;"PARTIAL";1.00000000;0.10000000;1000.00000000;0.10000000;0.00000000;0;0;35.00;1;4;2;127;2;15;5;-6.82000000;0.50000000;5;0.00000000;0.00000000;1.00000000;0.00000000;0.00000000;0.00000000;365
"2026.08.14 08:38:38";"Bybit-Live-4";"Infra Capital Limited";"UST";500;"FCEL.s";"FuelCell Energy Inc";"STP\Stocks.s\US.s\FCEL.s";"USD";"USD";"USD";2;0.010000000000;0.010000000000;0.000000000000;0.000000000000;0.000000000000;0.000000000000;0.000000000000;"PARTIAL";1.00000000;0.10000000;1000.00000000;0.10000000;0.00000000;0;0;34.00;1;4;2;127;2;15;5;-6.82000000;0.50000000;5;0.00000000;0.00000000;1.00000000;0.00000000;0.00000000;0.00000000;365
"2026.08.14 08:38:38";"Bybit-Live-4";"Infra Capital Limited";"UST";500;"FDX.s";"FedEx Corp";"STP\Stocks.s\US.s\FDX.s";"USD";"USD";"USD";2;0.010000000000;0.010000000000;0.000000000000;0.000000000000;0.000000000000;0.000000000000;0.000000000000;"PARTIAL";1.00000000;0.10000000;1000.00000000;0.10000000;0.00000000;0;0;45.00;1;4;2;127;2;15;5;-6.82000000;0.50000000;5;0.00000000;0.00000000;1.00000000;0.00000000;0.00000000;0.00000000;365
"2026.08.14 08:38:38";"Bybit-Live-4";"Infra Capital Limited";"UST";500;"FITB.s";"Fifth Third Bancorp";"STP\Stocks.s\US.s\FITB.s";"USD";"USD";"USD";2;0.010000000000;0.010000000000;0.000000000000;0.000000000000;0.000000000000;0.000000000000;0.000000000000;"PARTIAL";1.00000000;0.10000000;1000.00000000;0.10000000;0.00000000;0;0;34.00;1;4;2;127;2;15;5;-6.82000000;0.50000000;5;0.00000000;0.00000000;1.00000000;0.00000000;0.00000000;0.00000000;365
"2026.08.14 08:38:38";"Bybit-Live-4";"Infra Capital Limited";"UST";500;"FOX.s";"Fox Corp - Class B";"STP\Stocks.s\US.s\FOX.s";"USD";"USD";"USD";2;0.010000000000;0.010000000000;0.000000000000;0.000000000000;0.000000000000;0.000000000000;0.000000000000;"PARTIAL";1.00000000;0.10000000;1000.00000000;0.10000000;0.00000000;0;0;34.00;1;4;2;127;2;15;5;-6.82000000;0.50000000;5;0.00000000;0.00000000;1.00000000;0.00000000;0.00000000;0.00000000;365
"2026.08.14 08:38:38";"Bybit-Live-4";"Infra Capital Limited";"UST";500;"FOXA.s";"Fox Corp - Class A";"STP\Stocks.s\US.s\FOXA.s";"USD";"USD";"USD";2;0.010000000000;0.010000000000;0.000000000000;0.000000000000;0.000000000000;0.000000000000;0.000000000000;"PARTIAL";1.00000000;0.10000000;1000.00000000;0.10000000;0.00000000;0;0;34.00;1;4;2;127;2;15;5;-6.82000000;0.50000000;5;0.00000000;0.00000000;1.00000000;0.00000000;0.00000000;0.00000000;365
"2026.08.14 08:38:38";"Bybit-Live-4";"Infra Capital Limited";"UST";500;"FSLR.s";"First Solar Inc";"STP\Stocks.s\US.s\FSLR.s";"USD";"USD";"USD";2;0.010000000000;0.010000000000;0.000000000000;0.000000000000;0.000000000000;0.000000000000;0.000000000000;"PARTIAL";1.00000000;0.10000000;1000.00000000;0.10000000;0.00000000;0;0;64.00;1;4;2;127;2;15;5;-6.82000000;0.50000000;5;0.00000000;0.00000000;1.00000000;0.00000000;0.00000000;0.00000000;365
"2026.08.14 08:38:38";"Bybit-Live-4";"Infra Capital Limited";"UST";500;"FTI.s";"TechnipFMC PLC [NYSE]";"STP\Stocks.s\US.s\FTI.s";"USD";"USD";"USD";2;0.010000000000;0.010000000000;0.000000000000;0.000000000000;0.000000000000;0.000000000000;0.000000000000;"PARTIAL";1.00000000;0.10000000;1000.00000000;0.10000000;0.00000000;0;0;37.00;1;4;2;127;2;15;5;-6.82000000;0.50000000;5;0.00000000;0.00000000;1.00000000;0.00000000;0.00000000;0.00000000;365
"2026.08.14 08:38:38";"Bybit-Live-4";"Infra Capital Limited";"UST";500;"FTNT.s";"Fortinet Inc";"STP\Stocks.s\US.s\FTNT.s";"USD";"USD";"USD";2;0.010000000000;0.010000000000;0.000000000000;0.000000000000;0.000000000000;0.000000000000;0.000000000000;"PARTIAL";1.00000000;0.10000000;1000.00000000;0.10000000;0.00000000;0;0;37.00;1;4;2;127;2;15;5;-6.82000000;0.50000000;5;0.00000000;0.00000000;1.00000000;0.00000000;0.00000000;0.00000000;365
"2026.08.14 08:38:38";"Bybit-Live-4";"Infra Capital Limited";"UST";500;"GFI.s";"Gold Fields Ltd";"STP\Stocks.s\US.s\GFI.s";"USD";"USD";"USD";2;0.010000000000;0.010000000000;0.000000000000;0.000000000000;0.000000000000;0.000000000000;0.000000000000;"PARTIAL";1.00000000;0.10000000;1000.00000000;0.10000000;0.00000000;0;0;34.00;1;4;2;127;2;15;5;-6.82000000;0.50000000;5;0.00000000;0.00000000;1.00000000;0.00000000;0.00000000;0.00000000;365
"2026.08.14 08:38:38";"Bybit-Live-4";"Infra Capital Limited";"UST";500;"GILD.s";"Gilead Sciences Inc";"STP\Stocks.s\US.s\GILD.s";"USD";"USD";"USD";2;0.010000000000;0.010000000000;0.000000000000;0.000000000000;0.000000000000;0.000000000000;0.000000000000;"PARTIAL";1.00000000;0.10000000;1000.00000000;0.10000000;0.00000000;0;0;66.00;1;4;2;127;2;15;5;-6.82000000;0.50000000;5;0.00000000;0.00000000;1.00000000;0.00000000;0.00000000;0.00000000;365
"2026.08.14 08:38:38";"Bybit-Live-4";"Infra Capital Limited";"UST";500;"GIS.s";"General Mills Inc";"STP\Stocks.s\US.s\GIS.s";"USD";"USD";"USD";2;0.010000000000;0.010000000000;0.000000000000;0.000000000000;0.000000000000;0.000000000000;0.000000000000;"PARTIAL";1.00000000;0.10000000;1000.00000000;0.10000000;0.00000000;0;0;37.00;1;4;2;127;2;15;5;-6.82000000;0.50000000;5;0.00000000;0.00000000;1.00000000;0.00000000;0.00000000;0.00000000;365
"2026.08.14 08:38:38";"Bybit-Live-4";"Infra Capital Limited";"UST";500;"GLW.s";"Corning Inc";"STP\Stocks.s\US.s\GLW.s";"USD";"USD";"USD";2;0.010000000000;0.010000000000;0.000000000000;0.000000000000;0.000000000000;0.000000000000;0.000000000000;"PARTIAL";1.00000000;0.10000000;1000.00000000;0.10000000;0.00000000;0;0;51.00;1;4;2;127;2;15;5;-6.82000000;0.50000000;5;0.00000000;0.00000000;1.00000000;0.00000000;0.00000000;0.00000000;365
"2026.08.14 08:38:38";"Bybit-Live-4";"Infra Capital Limited";"UST";500;"GM.s";"General Motors Co";"STP\Stocks.s\US.s\GM.s";"USD";"USD";"USD";2;0.010000000000;0.010000000000;0.000000000000;0.000000000000;0.000000000000;0.000000000000;0.000000000000;"PARTIAL";1.00000000;0.10000000;1000.00000000;0.10000000;0.00000000;0;0;35.00;1;4;2;127;2;15;5;-6.82000000;0.50000000;5;0.00000000;0.00000000;1.00000000;0.00000000;0.00000000;0.00000000;365
"2026.08.14 08:38:38";"Bybit-Live-4";"Infra Capital Limited";"UST";500;"GNRC.s";"Generac Holdings Inc";"STP\Stocks.s\US.s\GNRC.s";"USD";"USD";"USD";2;0.010000000000;0.010000000000;0.000000000000;0.000000000000;0.000000000000;0.000000000000;0.000000000000;"PARTIAL";1.00000000;0.10000000;1000.00000000;0.10000000;0.00000000;0;0;47.00;1;4;2;127;2;15;5;-6.82000000;0.50000000;5;0.00000000;0.00000000;1.00000000;0.00000000;0.00000000;0.00000000;365
"2026.08.14 08:38:38";"Bybit-Live-4";"Infra Capital Limited";"UST";500;"GPN.s";"Global Payments Inc";"STP\Stocks.s\US.s\GPN.s";"USD";"USD";"USD";2;0.010000000000;0.010000000000;0.000000000000;0.000000000000;0.000000000000;0.000000000000;0.000000000000;"PARTIAL";1.00000000;0.10000000;1000.00000000;0.10000000;0.00000000;0;0;40.00;1;4;2;127;2;15;5;-6.82000000;0.50000000;5;0.00000000;0.00000000;1.00000000;0.00000000;0.00000000;0.00000000;365
"2026.08.14 08:38:38";"Bybit-Live-4";"Infra Capital Limited";"UST";500;"GPRO.s";"GoPro Inc";"STP\Stocks.s\US.s\GPRO.s";"USD";"USD";"USD";2;0.010000000000;0.010000000000;0.000000000000;0.000000000000;0.000000000000;0.000000000000;0.000000000000;"PARTIAL";1.00000000;0.10000000;1000.00000000;0.10000000;0.00000000;0;0;16.00;1;3;2;127;2;15;5;-6.82000000;0.50000000;5;0.00000000;0.00000000;1.00000000;0.00000000;0.00000000;0.00000000;365
"2026.08.14 08:38:38";"Bybit-Live-4";"Infra Capital Limited";"UST";500;"GRAB.s";"Grab Holdings Ltd (ADRs)";"STP\Stocks.s\US.s\GRAB.s";"USD";"USD";"USD";2;0.010000000000;0.010000000000;0.000000000000;0.000000000000;0.000000000000;0.000000000000;0.000000000000;"PARTIAL";1.00000000;0.10000000;1000.00000000;0.10000000;0.00000000;0;0;34.00;1;4;2;127;2;15;5;-6.82000000;0.50000000;5;0.00000000;0.00000000;1.00000000;0.00000000;0.00000000;0.00000000;365
"2026.08.14 08:38:38";"Bybit-Live-4";"Infra Capital Limited";"UST";500;"GRPN.s";"Groupon Inc";"STP\Stocks.s\US.s\GRPN.s";"USD";"USD";"USD";2;0.010000000000;0.010000000000;0.000000000000;0.000000000000;0.000000000000;0.000000000000;0.000000000000;"PARTIAL";1.00000000;0.10000000;1000.00000000;0.10000000;0.00000000;0;0;34.00;1;4;2;127;2;15;5;-6.82000000;0.50000000;5;0.00000000;0.00000000;1.00000000;0.00000000;0.00000000;0.00000000;365
"2026.08.14 08:38:38";"Bybit-Live-4";"Infra Capital Limited";"UST";500;"GT.s";"Goodyear Tire & Rubber Co";"STP\Stocks.s\US.s\GT.s";"USD";"USD";"USD";2;0.010000000000;0.010000000000;0.000000000000;0.000000000000;0.000000000000;0.000000000000;0.000000000000;"PARTIAL";1.00000000;0.10000000;1000.00000000;0.10000000;0.00000000;0;0;34.00;1;4;2;127;2;15;5;-6.82000000;0.50000000;5;0.00000000;0.00000000;1.00000000;0.00000000;0.00000000;0.00000000;365
"2026.08.14 08:38:38";"Bybit-Live-4";"Infra Capital Limited";"UST";500;"HAL.s";"Halliburton Co";"STP\Stocks.s\US.s\HAL.s";"USD";"USD";"USD";2;0.010000000000;0.010000000000;0.000000000000;0.000000000000;0.000000000000;0.000000000000;0.000000000000;"PARTIAL";1.00000000;0.10000000;1000.00000000;0.10000000;0.00000000;0;0;34.00;1;4;2;127;2;15;5;-6.82000000;0.50000000;5;0.00000000;0.00000000;1.00000000;0.00000000;0.00000000;0.00000000;365
"2026.08.14 08:38:38";"Bybit-Live-4";"Infra Capital Limited";"UST";500;"HBAN.s";"Huntington Bancshares Inc";"STP\Stocks.s\US.s\HBAN.s";"USD";"USD";"USD";2;0.010000000000;0.010000000000;0.000000000000;0.000000000000;0.000000000000;0.000000000000;0.000000000000;"PARTIAL";1.00000000;0.10000000;1000.00000000;0.10000000;0.00000000;0;0;34.00;1;4;2;127;2;15;5;-6.82000000;0.50000000;5;0.00000000;0.00000000;1.00000000;0.00000000;0.00000000;0.00000000;365
"2026.08.14 08:38:38";"Bybit-Live-4";"Infra Capital Limited";"UST";500;"HLT.s";"Hilton Worldwide Holdings Inc";"STP\Stocks.s\US.s\HLT.s";"USD";"USD";"USD";2;0.010000000000;0.010000000000;0.000000000000;0.000000000000;0.000000000000;0.000000000000;0.000000000000;"PARTIAL";1.00000000;0.10000000;1000.00000000;0.10000000;0.00000000;0;0;51.00;1;4;2;127;2;15;5;-6.82000000;0.50000000;5;0.00000000;0.00000000;1.00000000;0.00000000;0.00000000;0.00000000;365
"2026.08.14 08:38:38";"Bybit-Live-4";"Infra Capital Limited";"UST";500;"HOG.s";"Harley-Davidson Inc";"STP\Stocks.s\US.s\HOG.s";"USD";"USD";"USD";2;0.010000000000;0.010000000000;0.000000000000;0.000000000000;0.000000000000;0.000000000000;0.000000000000;"PARTIAL";1.00000000;0.10000000;1000.00000000;0.10000000;0.00000000;0;0;35.00;1;4;2;127;2;15;5;-6.82000000;0.50000000;5;0.00000000;0.00000000;1.00000000;0.00000000;0.00000000;0.00000000;365
"2026.08.14 08:38:38";"Bybit-Live-4";"Infra Capital Limited";"UST";500;"HPE.s";"Hewlett Packard Enterprise Co / HPE";"STP\Stocks.s\US.s\HPE.s";"USD";"USD";"USD";2;0.010000000000;0.010000000000;0.000000000000;0.000000000000;0.000000000000;0.000000000000;0.000000000000;"PARTIAL";1.00000000;0.10000000;1000.00000000;0.10000000;0.00000000;0;0;34.00;1;4;2;127;2;15;5;-6.82000000;0.50000000;5;0.00000000;0.00000000;1.00000000;0.00000000;0.00000000;0.00000000;365
"2026.08.14 08:38:38";"Bybit-Live-4";"Infra Capital Limited";"UST";500;"HSY.s";"Hershey Co";"STP\Stocks.s\US.s\HSY.s";"USD";"USD";"USD";2;0.010000000000;0.010000000000;0.000000000000;0.000000000000;0.000000000000;0.000000000000;0.000000000000;"PARTIAL";1.00000000;0.10000000;1000.00000000;0.10000000;0.00000000;0;0;46.00;1;4;2;127;2;15;5;-6.82000000;0.50000000;5;0.00000000;0.00000000;1.00000000;0.00000000;0.00000000;0.00000000;365
"2026.08.14 08:38:38";"Bybit-Live-4";"Infra Capital Limited";"UST";500;"ICL.s";"ICL Group Ltd (ADRs)";"STP\Stocks.s\US.s\ICL.s";"USD";"USD";"USD";2;0.010000000000;0.010000000000;0.000000000000;0.000000000000;0.000000000000;0.000000000000;0.000000000000;"PARTIAL";1.00000000;0.10000000;1000.00000000;0.10000000;0.00000000;0;0;34.00;1;4;2;127;2;15;5;-6.82000000;0.50000000;5;0.00000000;0.00000000;1.00000000;0.00000000;0.00000000;0.00000000;365
"2026.08.14 08:38:38";"Bybit-Live-4";"Infra Capital Limited";"UST";500;"INFY.s";"Infosys Ltd (ADRs)";"STP\Stocks.s\US.s\INFY.s";"USD";"USD";"USD";2;0.010000000000;0.010000000000;0.000000000000;0.000000000000;0.000000000000;0.000000000000;0.000000000000;"PARTIAL";1.00000000;0.10000000;1000.00000000;0.10000000;0.00000000;0;0;34.00;1;4;2;127;2;15;5;-6.82000000;0.50000000;5;0.00000000;0.00000000;1.00000000;0.00000000;0.00000000;0.00000000;365
"2026.08.14 08:38:38";"Bybit-Live-4";"Infra Capital Limited";"UST";500;"INTU.s";"Intuit Inc";"STP\Stocks.s\US.s\INTU.s";"USD";"USD";"USD";2;0.010000000000;0.010000000000;0.000000000000;0.000000000000;0.000000000000;0.000000000000;0.000000000000;"PARTIAL";1.00000000;0.10000000;1000.00000000;0.10000000;0.00000000;0;0;58.00;1;4;2;127;2;15;5;-6.82000000;0.50000000;5;0.00000000;0.00000000;1.00000000;0.00000000;0.00000000;0.00000000;365
"2026.08.14 08:38:38";"Bybit-Live-4";"Infra Capital Limited";"UST";500;"IOVA.s";"Iovance Biotherapeutics Inc";"STP\Stocks.s\US.s\IOVA.s";"USD";"USD";"USD";2;0.010000000000;0.010000000000;0.000000000000;0.000000000000;0.000000000000;0.000000000000;0.000000000000;"PARTIAL";1.00000000;0.10000000;1000.00000000;0.10000000;0.00000000;0;0;34.00;1;4;2;127;2;15;5;-6.82000000;0.50000000;5;0.00000000;0.00000000;1.00000000;0.00000000;0.00000000;0.00000000;365
"2026.08.14 08:38:38";"Bybit-Live-4";"Infra Capital Limited";"UST";500;"IP.s";"International Paper Co";"STP\Stocks.s\US.s\IP.s";"USD";"USD";"USD";2;0.010000000000;0.010000000000;0.000000000000;0.000000000000;0.000000000000;0.000000000000;0.000000000000;"PARTIAL";1.00000000;0.10000000;1000.00000000;0.10000000;0.00000000;0;0;34.00;1;4;2;127;2;15;5;-6.82000000;0.50000000;5;0.00000000;0.00000000;1.00000000;0.00000000;0.00000000;0.00000000;365
"2026.08.14 08:38:38";"Bybit-Live-4";"Infra Capital Limited";"UST";500;"IQV.s";"IQVIA Holdings Inc";"STP\Stocks.s\US.s\IQV.s";"USD";"USD";"USD";2;0.010000000000;0.010000000000;0.000000000000;0.000000000000;0.000000000000;0.000000000000;0.000000000000;"PARTIAL";1.00000000;0.10000000;1000.00000000;0.10000000;0.00000000;0;0;49.00;1;4;2;127;2;15;5;-6.82000000;0.50000000;5;0.00000000;0.00000000;1.00000000;0.00000000;0.00000000;0.00000000;365
"2026.08.14 08:38:38";"Bybit-Live-4";"Infra Capital Limited";"UST";500;"IR.s";"Ingersoll Rand Inc";"STP\Stocks.s\US.s\IR.s";"USD";"USD";"USD";2;0.010000000000;0.010000000000;0.000000000000;0.000000000000;0.000000000000;0.000000000000;0.000000000000;"PARTIAL";1.00000000;0.10000000;1000.00000000;0.10000000;0.00000000;0;0;35.00;1;4;2;127;2;15;5;-6.82000000;0.50000000;5;0.00000000;0.00000000;1.00000000;0.00000000;0.00000000;0.00000000;365
"2026.08.14 08:38:38";"Bybit-Live-4";"Infra Capital Limited";"UST";500;"ISRG.s";"Intuitive Surgical Inc";"STP\Stocks.s\US.s\ISRG.s";"USD";"USD";"USD";2;0.010000000000;0.010000000000;0.000000000000;0.000000000000;0.000000000000;0.000000000000;0.000000000000;"PARTIAL";1.00000000;0.10000000;1000.00000000;0.10000000;0.00000000;0;0;55.00;1;4;2;127;2;15;5;-6.82000000;0.50000000;5;0.00000000;0.00000000;1.00000000;0.00000000;0.00000000;0.00000000;365
"2026.08.14 08:38:38";"Bybit-Live-4";"Infra Capital Limited";"UST";500;"ITW.s";"Illinois Tool Works / ITW";"STP\Stocks.s\US.s\ITW.s";"USD";"USD";"USD";2;0.010000000000;0.010000000000;0.000000000000;0.000000000000;0.000000000000;0.000000000000;0.000000000000;"PARTIAL";1.00000000;0.10000000;1000.00000000;0.10000000;0.00000000;0;0;54.00;1;4;2;127;2;15;5;-6.82000000;0.50000000;5;0.00000000;0.00000000;1.00000000;0.00000000;0.00000000;0.00000000;365
"2026.08.14 08:38:38";"Bybit-Live-4";"Infra Capital Limited";"UST";500;"IVZ.s";"Invesco Ltd";"STP\Stocks.s\US.s\IVZ.s";"USD";"USD";"USD";2;0.010000000000;0.010000000000;0.000000000000;0.000000000000;0.000000000000;0.000000000000;0.000000000000;"PARTIAL";1.00000000;0.10000000;1000.00000000;0.10000000;0.00000000;0;0;34.00;1;4;2;127;2;15;5;-6.82000000;0.50000000;5;0.00000000;0.00000000;1.00000000;0.00000000;0.00000000;0.00000000;365
"2026.08.14 08:38:38";"Bybit-Live-4";"Infra Capital Limited";"UST";500;"JBL.s";"Jabil Inc";"STP\Stocks.s\US.s\JBL.s";"USD";"USD";"USD";2;0.010000000000;0.010000000000;0.000000000000;0.000000000000;0.000000000000;0.000000000000;0.000000000000;"PARTIAL";1.00000000;0.10000000;1000.00000000;0.10000000;0.00000000;0;0;55.00;1;4;2;127;2;15;5;-6.82000000;0.50000000;5;0.00000000;0.00000000;1.00000000;0.00000000;0.00000000;0.00000000;365
"2026.08.14 08:38:38";"Bybit-Live-4";"Infra Capital Limited";"UST";500;"KDP.s";"Keurig Dr pepper Inc.";"STP\Stocks.s\US.s\KDP.s";"USD";"USD";"USD";2;0.010000000000;0.010000000000;0.000000000000;0.000000000000;0.000000000000;0.000000000000;0.000000000000;"PARTIAL";1.00000000;0.10000000;1000.00000000;0.10000000;0.00000000;0;0;34.00;1;4;2;127;2;15;5;-6.82000000;0.50000000;5;0.00000000;0.00000000;1.00000000;0.00000000;0.00000000;0.00000000;365
"2026.08.14 08:38:38";"Bybit-Live-4";"Infra Capital Limited";"UST";500;"KEY.s";"KeyCorp";"STP\Stocks.s\US.s\KEY.s";"USD";"USD";"USD";2;0.010000000000;0.010000000000;0.000000000000;0.000000000000;0.000000000000;0.000000000000;0.000000000000;"PARTIAL";1.00000000;0.10000000;1000.00000000;0.10000000;0.00000000;0;0;34.00;1;4;2;127;2;15;5;-6.82000000;0.50000000;5;0.00000000;0.00000000;1.00000000;0.00000000;0.00000000;0.00000000;365
"2026.08.14 08:38:38";"Bybit-Live-4";"Infra Capital Limited";"UST";500;"KGC.s";"Kinross Gold Corp";"STP\Stocks.s\US.s\KGC.s";"USD";"USD";"USD";2;0.010000000000;0.010000000000;0.000000000000;0.000000000000;0.000000000000;0.000000000000;0.000000000000;"PARTIAL";1.00000000;0.10000000;1000.00000000;0.10000000;0.00000000;0;0;34.00;1;4;2;127;2;15;5;-6.82000000;0.50000000;5;0.00000000;0.00000000;1.00000000;0.00000000;0.00000000;0.00000000;365
"2026.08.14 08:38:38";"Bybit-Live-4";"Infra Capital Limited";"UST";500;"KLAC.s";"KLA Corp";"STP\Stocks.s\US.s\KLAC.s";"USD";"USD";"USD";2;0.010000000000;0.010000000000;0.000000000000;0.000000000000;0.000000000000;0.000000000000;0.000000000000;"PARTIAL";1.00000000;0.10000000;1000.00000000;0.10000000;0.00000000;0;0;53.00;1;4;2;127;2;15;5;-6.82000000;0.50000000;5;0.00000000;0.00000000;1.00000000;0.00000000;0.00000000;0.00000000;365
"2026.08.14 08:38:38";"Bybit-Live-4";"Infra Capital Limited";"UST";500;"KMI.s";"Kinder Morgan Inc";"STP\Stocks.s\US.s\KMI.s";"USD";"USD";"USD";2;0.010000000000;0.010000000000;0.000000000000;0.000000000000;0.000000000000;0.000000000000;0.000000000000;"PARTIAL";1.00000000;0.10000000;1000.00000000;0.10000000;0.00000000;0;0;34.00;1;4;2;127;2;15;5;-6.82000000;0.50000000;5;0.00000000;0.00000000;1.00000000;0.00000000;0.00000000;0.00000000;365
"2026.08.14 08:38:38";"Bybit-Live-4";"Infra Capital Limited";"UST";500;"KODK.s";"Eastman Kodak Co";"STP\Stocks.s\US.s\KODK.s";"USD";"USD";"USD";2;0.010000000000;0.010000000000;0.000000000000;0.000000000000;0.000000000000;0.000000000000;0.000000000000;"PARTIAL";1.00000000;0.10000000;1000.00000000;0.10000000;0.00000000;0;0;34.00;1;4;2;127;2;15;5;-6.82000000;0.50000000;5;0.00000000;0.00000000;1.00000000;0.00000000;0.00000000;0.00000000;365
"2026.08.14 08:38:38";"Bybit-Live-4";"Infra Capital Limited";"UST";500;"LAC.s";"Lithium Americas Corp";"STP\Stocks.s\US.s\LAC.s";"USD";"USD";"USD";2;0.010000000000;0.010000000000;0.000000000000;0.000000000000;0.000000000000;0.000000000000;0.000000000000;"PARTIAL";1.00000000;0.10000000;1000.00000000;0.10000000;0.00000000;0;0;34.00;1;4;2;127;2;15;5;-6.82000000;0.50000000;5;0.00000000;0.00000000;1.00000000;0.00000000;0.00000000;0.00000000;365
"2026.08.14 08:38:38";"Bybit-Live-4";"Infra Capital Limited";"UST";500;"LAUR.s";"Laureate Education Inc";"STP\Stocks.s\US.s\LAUR.s";"USD";"USD";"USD";2;0.010000000000;0.010000000000;0.000000000000;0.000000000000;0.000000000000;0.000000000000;0.000000000000;"PARTIAL";1.00000000;0.10000000;1000.00000000;0.10000000;0.00000000;0;0;35.00;1;4;2;127;2;15;5;-6.82000000;0.50000000;5;0.00000000;0.00000000;1.00000000;0.00000000;0.00000000;0.00000000;365
"2026.08.14 08:38:38";"Bybit-Live-4";"Infra Capital Limited";"UST";500;"LBTYK.s";"Liberty Global Ltd. Class C";"STP\Stocks.s\US.s\LBTYK.s";"USD";"USD";"USD";2;0.010000000000;0.010000000000;0.000000000000;0.000000000000;0.000000000000;0.000000000000;0.000000000000;"PARTIAL";1.00000000;0.10000000;1000.00000000;0.10000000;0.00000000;0;0;34.00;1;4;2;127;2;15;5;-6.82000000;0.50000000;5;0.00000000;0.00000000;1.00000000;0.00000000;0.00000000;0.00000000;365
"2026.08.14 08:38:38";"Bybit-Live-4";"Infra Capital Limited";"UST";500;"LEN.s";"Lennar Corp - Class A";"STP\Stocks.s\US.s\LEN.s";"USD";"USD";"USD";2;0.010000000000;0.010000000000;0.000000000000;0.000000000000;0.000000000000;0.000000000000;0.000000000000;"PARTIAL";1.00000000;0.10000000;1000.00000000;0.10000000;0.00000000;0;0;39.00;1;4;2;127;2;15;5;-6.82000000;0.50000000;5;0.00000000;0.00000000;1.00000000;0.00000000;0.00000000;0.00000000;365
"2026.08.14 08:38:38";"Bybit-Live-4";"Infra Capital Limited";"UST";500;"LHX.s";"L3Harris Technologies Inc";"STP\Stocks.s\US.s\LHX.s";"USD";"USD";"USD";2;0.010000000000;0.010000000000;0.000000000000;0.000000000000;0.000000000000;0.000000000000;0.000000000000;"PARTIAL";1.00000000;0.10000000;1000.00000000;0.10000000;0.00000000;0;0;57.00;1;4;2;127;2;15;5;-6.82000000;0.50000000;5;0.00000000;0.00000000;1.00000000;0.00000000;0.00000000;0.00000000;365
"2026.08.14 08:38:38";"Bybit-Live-4";"Infra Capital Limited";"UST";500;"LLY.s";"Eli Lilly & Co";"STP\Stocks.s\US.s\LLY.s";"USD";"USD";"USD";2;0.010000000000;0.010000000000;0.000000000000;0.000000000000;0.000000000000;0.000000000000;0.000000000000;"PARTIAL";1.00000000;0.10000000;1000.00000000;0.10000000;0.00000000;0;0;131.00;1;4;2;127;2;15;5;-6.82000000;0.50000000;5;0.00000000;0.00000000;1.00000000;0.00000000;0.00000000;0.00000000;365
"2026.08.14 08:38:38";"Bybit-Live-4";"Infra Capital Limited";"UST";500;"LOW.s";"Lowe's Cos Inc";"STP\Stocks.s\US.s\LOW.s";"USD";"USD";"USD";2;0.010000000000;0.010000000000;0.000000000000;0.000000000000;0.000000000000;0.000000000000;0.000000000000;"PARTIAL";1.00000000;0.10000000;1000.00000000;0.10000000;0.00000000;0;0;48.00;1;4;2;127;2;15;5;-6.82000000;0.50000000;5;0.00000000;0.00000000;1.00000000;0.00000000;0.00000000;0.00000000;365
"2026.08.14 08:38:38";"Bybit-Live-4";"Infra Capital Limited";"UST";500;"LPL.s";"LG Display Co Ltd (ADRs)";"STP\Stocks.s\US.s\LPL.s";"USD";"USD";"USD";2;0.010000000000;0.010000000000;0.000000000000;0.000000000000;0.000000000000;0.000000000000;0.000000000000;"PARTIAL";1.00000000;0.10000000;1000.00000000;0.10000000;0.00000000;0;0;34.00;1;4;2;127;2;15;5;-6.82000000;0.50000000;5;0.00000000;0.00000000;1.00000000;0.00000000;0.00000000;0.00000000;365
"2026.08.14 08:38:38";"Bybit-Live-4";"Infra Capital Limited";"UST";500;"LUV.s";"Southwest Airlines Co";"STP\Stocks.s\US.s\LUV.s";"USD";"USD";"USD";2;0.010000000000;0.010000000000;0.000000000000;0.000000000000;0.000000000000;0.000000000000;0.000000000000;"PARTIAL";1.00000000;0.10000000;1000.00000000;0.10000000;0.00000000;0;0;34.00;1;4;2;127;2;15;5;-6.82000000;0.50000000;5;0.00000000;0.00000000;1.00000000;0.00000000;0.00000000;0.00000000;365
"2026.08.14 08:38:38";"Bybit-Live-4";"Infra Capital Limited";"UST";500;"LVS.s";"Las Vegas Sands Corp";"STP\Stocks.s\US.s\LVS.s";"USD";"USD";"USD";2;0.010000000000;0.010000000000;0.000000000000;0.000000000000;0.000000000000;0.000000000000;0.000000000000;"PARTIAL";1.00000000;0.10000000;1000.00000000;0.10000000;0.00000000;0;0;34.00;1;4;2;127;2;15;5;-6.82000000;0.50000000;5;0.00000000;0.00000000;1.00000000;0.00000000;0.00000000;0.00000000;365
"2026.08.14 08:38:38";"Bybit-Live-4";"Infra Capital Limited";"UST";500;"LYB.s";"LyondellBasell Industries - Class A";"STP\Stocks.s\US.s\LYB.s";"USD";"USD";"USD";2;0.010000000000;0.010000000000;0.000000000000;0.000000000000;0.000000000000;0.000000000000;0.000000000000;"PARTIAL";1.00000000;0.10000000;1000.00000000;0.10000000;0.00000000;0;0;37.00;1;4;2;127;2;15;5;-6.82000000;0.50000000;5;0.00000000;0.00000000;1.00000000;0.00000000;0.00000000;0.00000000;365
"2026.08.14 08:38:38";"Bybit-Live-4";"Infra Capital Limited";"UST";500;"MANU.s";"Manchester United PLC";"STP\Stocks.s\US.s\MANU.s";"USD";"USD";"USD";2;0.010000000000;0.010000000000;0.000000000000;0.000000000000;0.000000000000;0.000000000000;0.000000000000;"PARTIAL";1.00000000;0.10000000;1000.00000000;0.10000000;0.00000000;0;0;37.00;1;4;2;127;2;15;5;-6.82000000;0.50000000;5;0.00000000;0.00000000;1.00000000;0.00000000;0.00000000;0.00000000;365
"2026.08.14 08:38:38";"Bybit-Live-4";"Infra Capital Limited";"UST";500;"MAR.s";"Marriott International - Class A";"STP\Stocks.s\US.s\MAR.s";"USD";"USD";"USD";2;0.010000000000;0.010000000000;0.000000000000;0.000000000000;0.000000000000;0.000000000000;0.000000000000;"PARTIAL";1.00000000;0.10000000;1000.00000000;0.10000000;0.00000000;0;0;57.00;1;4;2;127;2;15;5;-6.82000000;0.50000000;5;0.00000000;0.00000000;1.00000000;0.00000000;0.00000000;0.00000000;365
"2026.08.14 08:38:38";"Bybit-Live-4";"Infra Capital Limited";"UST";500;"MAT.s";"Mattel Inc";"STP\Stocks.s\US.s\MAT.s";"USD";"USD";"USD";2;0.010000000000;0.010000000000;0.000000000000;0.000000000000;0.000000000000;0.000000000000;0.000000000000;"PARTIAL";1.00000000;0.10000000;1000.00000000;0.10000000;0.00000000;0;0;34.00;1;4;2;127;2;15;5;-6.82000000;0.50000000;5;0.00000000;0.00000000;1.00000000;0.00000000;0.00000000;0.00000000;365
"2026.08.14 08:38:38";"Bybit-Live-4";"Infra Capital Limited";"UST";500;"MCK.s";"Mckesson Corp";"STP\Stocks.s\US.s\MCK.s";"USD";"USD";"USD";2;0.010000000000;0.010000000000;0.000000000000;0.000000000000;0.000000000000;0.000000000000;0.000000000000;"PARTIAL";1.00000000;0.10000000;1000.00000000;0.10000000;0.00000000;0;0;146.00;1;4;2;127;2;15;5;-6.82000000;0.50000000;5;0.00000000;0.00000000;1.00000000;0.00000000;0.00000000;0.00000000;365
"2026.08.14 08:38:38";"Bybit-Live-4";"Infra Capital Limited";"UST";500;"MCO.s";"Moody's Corp";"STP\Stocks.s\US.s\MCO.s";"USD";"USD";"USD";2;0.010000000000;0.010000000000;0.000000000000;0.000000000000;0.000000000000;0.000000000000;0.000000000000;"PARTIAL";1.00000000;0.10000000;1000.00000000;0.10000000;0.00000000;0;0;59.00;1;4;2;127;2;15;5;-6.82000000;0.50000000;5;0.00000000;0.00000000;1.00000000;0.00000000;0.00000000;0.00000000;365
"2026.08.14 08:38:38";"Bybit-Live-4";"Infra Capital Limited";"UST";500;"MDLZ.s";"Mondelez International Inc";"STP\Stocks.s\US.s\MDLZ.s";"USD";"USD";"USD";2;0.010000000000;0.010000000000;0.000000000000;0.000000000000;0.000000000000;0.000000000000;0.000000000000;"PARTIAL";1.00000000;0.10000000;1000.00000000;0.10000000;0.00000000;0;0;35.00;1;4;2;127;2;15;5;-6.82000000;0.50000000;5;0.00000000;0.00000000;1.00000000;0.00000000;0.00000000;0.00000000;365
"2026.08.14 08:38:38";"Bybit-Live-4";"Infra Capital Limited";"UST";500;"MDT.s";"Medtronic PLC";"STP\Stocks.s\US.s\MDT.s";"USD";"USD";"USD";2;0.010000000000;0.010000000000;0.000000000000;0.000000000000;0.000000000000;0.000000000000;0.000000000000;"PARTIAL";1.00000000;0.10000000;1000.00000000;0.10000000;0.00000000;0;0;37.00;1;4;2;127;2;15;5;-6.82000000;0.50000000;5;0.00000000;0.00000000;1.00000000;0.00000000;0.00000000;0.00000000;365
"2026.08.14 08:38:38";"Bybit-Live-4";"Infra Capital Limited";"UST";500;"MELI.s";"Mercado Libre";"STP\Stocks.s\US.s\MELI.s";"USD";"USD";"USD";2;0.010000000000;0.010000000000;0.000000000000;0.000000000000;0.000000000000;0.000000000000;0.000000000000;"PARTIAL";1.00000000;0.10000000;1000.00000000;0.10000000;0.00000000;0;0;115.00;1;4;2;127;2;15;5;-6.82000000;0.50000000;5;0.00000000;0.00000000;1.00000000;0.00000000;0.00000000;0.00000000;365
"2026.08.14 08:38:38";"Bybit-Live-4";"Infra Capital Limited";"UST";500;"MET.s";"Metlife Inc";"STP\Stocks.s\US.s\MET.s";"USD";"USD";"USD";2;0.010000000000;0.010000000000;0.000000000000;0.000000000000;0.000000000000;0.000000000000;0.000000000000;"PARTIAL";1.00000000;0.10000000;1000.00000000;0.10000000;0.00000000;0;0;37.00;1;4;2;127;2;15;5;-6.82000000;0.50000000;5;0.00000000;0.00000000;1.00000000;0.00000000;0.00000000;0.00000000;365
"2026.08.14 08:38:38";"Bybit-Live-4";"Infra Capital Limited";"UST";500;"MFA.s";"MFA Financial Inc";"STP\Stocks.s\US.s\MFA.s";"USD";"USD";"USD";2;0.010000000000;0.010000000000;0.000000000000;0.000000000000;0.000000000000;0.000000000000;0.000000000000;"PARTIAL";1.00000000;0.10000000;1000.00000000;0.10000000;0.00000000;0;0;34.00;1;4;2;127;2;15;5;-6.82000000;0.50000000;5;0.00000000;0.00000000;1.00000000;0.00000000;0.00000000;0.00000000;365
"2026.08.14 08:38:38";"Bybit-Live-4";"Infra Capital Limited";"UST";500;"MFC.s";"Manulife Financial Corp";"STP\Stocks.s\US.s\MFC.s";"USD";"USD";"USD";2;0.010000000000;0.010000000000;0.000000000000;0.000000000000;0.000000000000;0.000000000000;0.000000000000;"PARTIAL";1.00000000;0.10000000;1000.00000000;0.10000000;0.00000000;0;0;34.00;1;4;2;127;2;15;5;-6.82000000;0.50000000;5;0.00000000;0.00000000;1.00000000;0.00000000;0.00000000;0.00000000;365
"2026.08.14 08:38:38";"Bybit-Live-4";"Infra Capital Limited";"UST";500;"MLM.s";"Martin Marietta Materials Inc";"STP\Stocks.s\US.s\MLM.s";"USD";"USD";"USD";2;0.010000000000;0.010000000000;0.000000000000;0.000000000000;0.000000000000;0.000000000000;0.000000000000;"PARTIAL";1.00000000;0.10000000;1000.00000000;0.10000000;0.00000000;0;0;68.00;1;4;2;127;2;15;5;-6.82000000;0.50000000;5;0.00000000;0.00000000;1.00000000;0.00000000;0.00000000;0.00000000;365
"2026.08.14 08:38:38";"Bybit-Live-4";"Infra Capital Limited";"UST";500;"MOH.s";"Molina Healthcare Inc";"STP\Stocks.s\US.s\MOH.s";"USD";"USD";"USD";2;0.010000000000;0.010000000000;0.000000000000;0.000000000000;0.000000000000;0.000000000000;0.000000000000;"PARTIAL";1.00000000;0.10000000;1000.00000000;0.10000000;0.00000000;0;0;60.00;1;4;2;127;2;15;5;-6.82000000;0.50000000;5;0.00000000;0.00000000;1.00000000;0.00000000;0.00000000;0.00000000;365
"2026.08.14 08:38:38";"Bybit-Live-4";"Infra Capital Limited";"UST";500;"MOMO.s";"Hello Group Inc";"STP\Stocks.s\US.s\MOMO.s";"USD";"USD";"USD";2;0.010000000000;0.010000000000;0.000000000000;0.000000000000;0.000000000000;0.000000000000;0.000000000000;"PARTIAL";1.00000000;0.10000000;1000.00000000;0.10000000;0.00000000;0;0;34.00;1;4;2;127;2;15;5;-6.82000000;0.50000000;5;0.00000000;0.00000000;1.00000000;0.00000000;0.00000000;0.00000000;365
"2026.08.14 08:38:38";"Bybit-Live-4";"Infra Capital Limited";"UST";500;"MPC.s";"Marathon Petroleum Corp";"STP\Stocks.s\US.s\MPC.s";"USD";"USD";"USD";2;0.010000000000;0.010000000000;0.000000000000;0.000000000000;0.000000000000;0.000000000000;0.000000000000;"PARTIAL";1.00000000;0.10000000;1000.00000000;0.10000000;0.00000000;0;0;43.00;1;4;2;127;2;15;5;-6.82000000;0.50000000;5;0.00000000;0.00000000;1.00000000;0.00000000;0.00000000;0.00000000;365
"2026.08.14 08:38:38";"Bybit-Live-4";"Infra Capital Limited";"UST";500;"MPLX.s";"MPLX LP";"STP\Stocks.s\US.s\MPLX.s";"USD";"USD";"USD";2;0.010000000000;0.010000000000;0.000000000000;0.000000000000;0.000000000000;0.000000000000;0.000000000000;"PARTIAL";1.00000000;0.10000000;1000.00000000;0.10000000;0.00000000;0;0;34.00;1;4;2;127;2;15;5;-6.82000000;0.50000000;5;0.00000000;0.00000000;1.00000000;0.00000000;0.00000000;0.00000000;365
"2026.08.14 08:38:38";"Bybit-Live-4";"Infra Capital Limited";"UST";500;"MPWR.s";"Monolithic Power Systems Inc";"STP\Stocks.s\US.s\MPWR.s";"USD";"USD";"USD";2;0.010000000000;0.010000000000;0.000000000000;0.000000000000;0.000000000000;0.000000000000;0.000000000000;"PARTIAL";1.00000000;0.10000000;1000.00000000;0.10000000;0.00000000;0;0;124.00;1;4;2;127;2;15;5;-6.82000000;0.50000000;5;0.00000000;0.00000000;1.00000000;0.00000000;0.00000000;0.00000000;365
"2026.08.14 08:38:38";"Bybit-Live-4";"Infra Capital Limited";"UST";500;"MRK.s";"Merck & Co Inc";"STP\Stocks.s\US.s\MRK.s";"USD";"USD";"USD";2;0.010000000000;0.010000000000;0.000000000000;0.000000000000;0.000000000000;0.000000000000;0.000000000000;"PARTIAL";1.00000000;0.10000000;1000.00000000;0.10000000;0.00000000;0;0;40.00;1;4;2;127;2;15;5;-6.82000000;0.50000000;5;0.00000000;0.00000000;1.00000000;0.00000000;0.00000000;0.00000000;365
"2026.08.14 08:38:38";"Bybit-Live-4";"Infra Capital Limited";"UST";500;"MRVL.s";"Marvell Technology Group Ltd";"STP\Stocks.s\US.s\MRVL.s";"USD";"USD";"USD";2;0.010000000000;0.010000000000;0.000000000000;0.000000000000;0.000000000000;0.000000000000;0.000000000000;"PARTIAL";1.00000000;0.10000000;1000.00000000;0.10000000;0.00000000;0;0;39.00;1;4;2;127;2;15;5;-6.82000000;0.50000000;5;0.00000000;0.00000000;1.00000000;0.00000000;0.00000000;0.00000000;365
"2026.08.14 08:38:38";"Bybit-Live-4";"Infra Capital Limited";"UST";500;"MS.s";"Morgan Stanley";"STP\Stocks.s\US.s\MS.s";"USD";"USD";"USD";2;0.010000000000;0.010000000000;0.000000000000;0.000000000000;0.000000000000;0.000000000000;0.000000000000;"PARTIAL";1.00000000;0.10000000;1000.00000000;0.10000000;0.00000000;0;0;39.00;1;4;2;127;2;15;5;-6.82000000;0.50000000;5;0.00000000;0.00000000;1.00000000;0.00000000;0.00000000;0.00000000;365
"2026.08.14 08:38:38";"Bybit-Live-4";"Infra Capital Limited";"UST";500;"MTCH.s";"Match Group Inc";"STP\Stocks.s\US.s\MTCH.s";"USD";"USD";"USD";2;0.010000000000;0.010000000000;0.000000000000;0.000000000000;0.000000000000;0.000000000000;0.000000000000;"PARTIAL";1.00000000;0.10000000;1000.00000000;0.10000000;0.00000000;0;0;35.00;1;4;2;127;2;15;5;-6.82000000;0.50000000;5;0.00000000;0.00000000;1.00000000;0.00000000;0.00000000;0.00000000;365
"2026.08.14 08:38:38";"Bybit-Live-4";"Infra Capital Limited";"UST";500;"NBIX.s";"Neurocrine Biosciences Inc";"STP\Stocks.s\US.s\NBIX.s";"USD";"USD";"USD";2;0.010000000000;0.010000000000;0.000000000000;0.000000000000;0.000000000000;0.000000000000;0.000000000000;"PARTIAL";1.00000000;0.10000000;1000.00000000;0.10000000;0.00000000;0;0;45.00;1;4;2;127;2;15;5;-6.82000000;0.50000000;5;0.00000000;0.00000000;1.00000000;0.00000000;0.00000000;0.00000000;365
"2026.08.14 08:38:38";"Bybit-Live-4";"Infra Capital Limited";"UST";500;"NBR.s";"Nabors Industries Ltd";"STP\Stocks.s\US.s\NBR.s";"USD";"USD";"USD";2;0.010000000000;0.010000000000;0.000000000000;0.000000000000;0.000000000000;0.000000000000;0.000000000000;"PARTIAL";1.00000000;0.10000000;1000.00000000;0.10000000;0.00000000;0;0;60.00;1;4;2;127;2;15;5;-6.82000000;0.50000000;5;0.00000000;0.00000000;1.00000000;0.00000000;0.00000000;0.00000000;365
"2026.08.14 08:38:38";"Bybit-Live-4";"Infra Capital Limited";"UST";500;"NCLH.s";"Norwegian Cruise Line Holdings Ltd";"STP\Stocks.s\US.s\NCLH.s";"USD";"USD";"USD";2;0.010000000000;0.010000000000;0.000000000000;0.000000000000;0.000000000000;0.000000000000;0.000000000000;"PARTIAL";1.00000000;0.10000000;1000.00000000;0.10000000;0.00000000;0;0;34.00;1;4;2;127;2;15;5;-6.82000000;0.50000000;5;0.00000000;0.00000000;1.00000000;0.00000000;0.00000000;0.00000000;365
"2026.08.14 08:38:38";"Bybit-Live-4";"Infra Capital Limited";"UST";500;"PAYX.s";"Paychex Inc";"STP\Stocks.s\US.s\PAYX.s";"USD";"USD";"USD";2;0.010000000000;0.010000000000;0.000000000000;0.000000000000;0.000000000000;0.000000000000;0.000000000000;"PARTIAL";1.00000000;0.10000000;1000.00000000;0.10000000;0.00000000;0;0;40.00;1;4;2;127;2;15;5;-6.82000000;0.50000000;5;0.00000000;0.00000000;1.00000000;0.00000000;0.00000000;0.00000000;365
"2026.08.14 08:38:38";"Bybit-Live-4";"Infra Capital Limited";"UST";500;"NOC.s";"Northrop Grumman Corp";"STP\Stocks.s\US.s\NOC.s";"USD";"USD";"USD";2;0.010000000000;0.010000000000;0.000000000000;0.000000000000;0.000000000000;0.000000000000;0.000000000000;"PARTIAL";1.00000000;0.10000000;1000.00000000;0.10000000;0.00000000;0;0;69.00;1;4;2;127;2;15;5;-6.82000000;0.50000000;5;0.00000000;0.00000000;1.00000000;0.00000000;0.00000000;0.00000000;365
"2026.08.14 08:38:38";"Bybit-Live-4";"Infra Capital Limited";"UST";500;"PCG.s";"PG&E Corp";"STP\Stocks.s\US.s\PCG.s";"USD";"USD";"USD";2;0.010000000000;0.010000000000;0.000000000000;0.000000000000;0.000000000000;0.000000000000;0.000000000000;"PARTIAL";1.00000000;0.10000000;1000.00000000;0.10000000;0.00000000;0;0;34.00;1;4;2;127;2;15;5;-6.82000000;0.50000000;5;0.00000000;0.00000000;1.00000000;0.00000000;0.00000000;0.00000000;365
"2026.08.14 08:38:38";"Bybit-Live-4";"Infra Capital Limited";"UST";500;"NOW.s";"ServiceNow Inc";"STP\Stocks.s\US.s\NOW.s";"USD";"USD";"USD";2;0.010000000000;0.010000000000;0.000000000000;0.000000000000;0.000000000000;0.000000000000;0.000000000000;"PARTIAL";1.00000000;0.10000000;1000.00000000;0.10000000;0.00000000;0;0;57.00;1;4;2;127;2;15;5;-6.82000000;0.50000000;5;0.00000000;0.00000000;1.00000000;0.00000000;0.00000000;0.00000000;365
"2026.08.14 08:38:38";"Bybit-Live-4";"Infra Capital Limited";"UST";500;"PEG.s";"Public Service Enterprise Group / PSEG";"STP\Stocks.s\US.s\PEG.s";"USD";"USD";"USD";2;0.010000000000;0.010000000000;0.000000000000;0.000000000000;0.000000000000;0.000000000000;0.000000000000;"PARTIAL";1.00000000;0.10000000;1000.00000000;0.10000000;0.00000000;0;0;36.00;1;4;2;127;2;15;5;-6.82000000;0.50000000;5;0.00000000;0.00000000;1.00000000;0.00000000;0.00000000;0.00000000;365
"2026.08.14 08:38:38";"Bybit-Live-4";"Infra Capital Limited";"UST";500;"NSC.s";"Norfolk Southern Corp";"STP\Stocks.s\US.s\NSC.s";"USD";"USD";"USD";2;0.010000000000;0.010000000000;0.000000000000;0.000000000000;0.000000000000;0.000000000000;0.000000000000;"PARTIAL";1.00000000;0.10000000;1000.00000000;0.10000000;0.00000000;0;0;49.00;1;4;2;127;2;15;5;-6.82000000;0.50000000;5;0.00000000;0.00000000;1.00000000;0.00000000;0.00000000;0.00000000;365
"2026.08.14 08:38:38";"Bybit-Live-4";"Infra Capital Limited";"UST";500;"PENN.s";"Penn National Gaming Inc";"STP\Stocks.s\US.s\PENN.s";"USD";"USD";"USD";2;0.010000000000;0.010000000000;0.000000000000;0.000000000000;0.000000000000;0.000000000000;0.000000000000;"PARTIAL";1.00000000;0.10000000;1000.00000000;0.10000000;0.00000000;0;0;34.00;1;4;2;127;2;15;5;-6.82000000;0.50000000;5;0.00000000;0.00000000;1.00000000;0.00000000;0.00000000;0.00000000;365
"2026.08.14 08:38:38";"Bybit-Live-4";"Infra Capital Limited";"UST";500;"NTAP.s";"Netapp Inc";"STP\Stocks.s\US.s\NTAP.s";"USD";"USD";"USD";2;0.010000000000;0.010000000000;0.000000000000;0.000000000000;0.000000000000;0.000000000000;0.000000000000;"PARTIAL";1.00000000;0.10000000;1000.00000000;0.10000000;0.00000000;0;0;37.00;1;4;2;127;2;15;5;-6.82000000;0.50000000;5;0.00000000;0.00000000;1.00000000;0.00000000;0.00000000;0.00000000;365
"2026.08.14 08:38:38";"Bybit-Live-4";"Infra Capital Limited";"UST";500;"PGR.s";"Progressive Corp";"STP\Stocks.s\US.s\PGR.s";"USD";"USD";"USD";2;0.010000000000;0.010000000000;0.000000000000;0.000000000000;0.000000000000;0.000000000000;0.000000000000;"PARTIAL";1.00000000;0.10000000;1000.00000000;0.10000000;0.00000000;0;0;48.00;1;4;2;127;2;15;5;-6.82000000;0.50000000;5;0.00000000;0.00000000;1.00000000;0.00000000;0.00000000;0.00000000;365
"2026.08.14 08:38:38";"Bybit-Live-4";"Infra Capital Limited";"UST";500;"NTRS.s";"Northern Trust Corp";"STP\Stocks.s\US.s\NTRS.s";"USD";"USD";"USD";2;0.010000000000;0.010000000000;0.000000000000;0.000000000000;0.000000000000;0.000000000000;0.000000000000;"PARTIAL";1.00000000;0.10000000;1000.00000000;0.10000000;0.00000000;0;0;48.00;1;4;2;127;2;15;5;-6.82000000;0.50000000;5;0.00000000;0.00000000;1.00000000;0.00000000;0.00000000;0.00000000;365
"2026.08.14 08:38:38";"Bybit-Live-4";"Infra Capital Limited";"UST";500;"PINS.s";"Pinterest Inc - Class A";"STP\Stocks.s\US.s\PINS.s";"USD";"USD";"USD";2;0.010000000000;0.010000000000;0.000000000000;0.000000000000;0.000000000000;0.000000000000;0.000000000000;"PARTIAL";1.00000000;0.10000000;1000.00000000;0.10000000;0.00000000;0;0;34.00;1;4;2;127;2;15;5;-6.82000000;0.50000000;5;0.00000000;0.00000000;1.00000000;0.00000000;0.00000000;0.00000000;365
"2026.08.14 08:38:38";"Bybit-Live-4";"Infra Capital Limited";"UST";500;"PLD.s";"Prologis Inc";"STP\Stocks.s\US.s\PLD.s";"USD";"USD";"USD";2;0.010000000000;0.010000000000;0.000000000000;0.000000000000;0.000000000000;0.000000000000;0.000000000000;"PARTIAL";1.00000000;0.10000000;1000.00000000;0.10000000;0.00000000;0;0;38.00;1;4;2;127;2;15;5;-6.82000000;0.50000000;5;0.00000000;0.00000000;1.00000000;0.00000000;0.00000000;0.00000000;365
"2026.08.14 08:38:38";"Bybit-Live-4";"Infra Capital Limited";"UST";500;"PNC.s";"PNC Financial Services Group";"STP\Stocks.s\US.s\PNC.s";"USD";"USD";"USD";2;0.010000000000;0.010000000000;0.000000000000;0.000000000000;0.000000000000;0.000000000000;0.000000000000;"PARTIAL";1.00000000;0.10000000;1000.00000000;0.10000000;0.00000000;0;0;50.00;1;4;2;127;2;15;5;-6.82000000;0.50000000;5;0.00000000;0.00000000;1.00000000;0.00000000;0.00000000;0.00000000;365
"2026.08.14 08:38:38";"Bybit-Live-4";"Infra Capital Limited";"UST";500;"POOL.s";"Pool Corp";"STP\Stocks.s\US.s\POOL.s";"USD";"USD";"USD";2;0.010000000000;0.010000000000;0.000000000000;0.000000000000;0.000000000000;0.000000000000;0.000000000000;"PARTIAL";1.00000000;0.10000000;1000.00000000;0.10000000;0.00000000;0;0;79.00;1;4;2;127;2;15;5;-6.82000000;0.50000000;5;0.00000000;0.00000000;1.00000000;0.00000000;0.00000000;0.00000000;365
"2026.08.14 08:38:38";"Bybit-Live-4";"Infra Capital Limited";"UST";500;"NVAX.s";"Novavax";"STP\Stocks.s\US.s\NVAX.s";"USD";"USD";"USD";2;0.010000000000;0.010000000000;0.000000000000;0.000000000000;0.000000000000;0.000000000000;0.000000000000;"PARTIAL";1.00000000;0.10000000;1000.00000000;0.10000000;0.00000000;0;0;34.00;1;4;2;127;2;15;5;-6.82000000;0.50000000;5;0.00000000;0.00000000;1.00000000;0.00000000;0.00000000;0.00000000;365
"2026.08.14 08:38:38";"Bybit-Live-4";"Infra Capital Limited";"UST";500;"NWS.s";"News Corp - Class B";"STP\Stocks.s\US.s\NWS.s";"USD";"USD";"USD";2;0.010000000000;0.010000000000;0.000000000000;0.000000000000;0.000000000000;0.000000000000;0.000000000000;"PARTIAL";1.00000000;0.10000000;1000.00000000;0.10000000;0.00000000;0;0;34.00;1;4;2;127;2;15;5;-6.82000000;0.50000000;5;0.00000000;0.00000000;1.00000000;0.00000000;0.00000000;0.00000000;365
"2026.08.14 08:38:38";"Bybit-Live-4";"Infra Capital Limited";"UST";500;"PPG.s";"PPG Industries Inc";"STP\Stocks.s\US.s\PPG.s";"USD";"USD";"USD";2;0.010000000000;0.010000000000;0.000000000000;0.000000000000;0.000000000000;0.000000000000;0.000000000000;"PARTIAL";1.00000000;0.10000000;1000.00000000;0.10000000;0.00000000;0;0;44.00;1;4;2;127;2;15;5;-6.82000000;0.50000000;5;0.00000000;0.00000000;1.00000000;0.00000000;0.00000000;0.00000000;365
"2026.08.14 08:38:38";"Bybit-Live-4";"Infra Capital Limited";"UST";500;"PPL.s";"PPL Corp";"STP\Stocks.s\US.s\PPL.s";"USD";"USD";"USD";2;0.010000000000;0.010000000000;0.000000000000;0.000000000000;0.000000000000;0.000000000000;0.000000000000;"PARTIAL";1.00000000;0.10000000;1000.00000000;0.10000000;0.00000000;0;0;34.00;1;4;2;127;2;15;5;-6.82000000;0.50000000;5;0.00000000;0.00000000;1.00000000;0.00000000;0.00000000;0.00000000;365
"2026.08.14 08:38:38";"Bybit-Live-4";"Infra Capital Limited";"UST";500;"OKTA.s";"Okta Inc";"STP\Stocks.s\US.s\OKTA.s";"USD";"USD";"USD";2;0.010000000000;0.010000000000;0.000000000000;0.000000000000;0.000000000000;0.000000000000;0.000000000000;"PARTIAL";1.00000000;0.10000000;1000.00000000;0.10000000;0.00000000;0;0;35.00;1;4;2;127;2;15;5;-6.82000000;0.50000000;5;0.00000000;0.00000000;1.00000000;0.00000000;0.00000000;0.00000000;365
"2026.08.14 08:38:38";"Bybit-Live-4";"Infra Capital Limited";"UST";500;"OMC.s";"Omnicom Group";"STP\Stocks.s\US.s\OMC.s";"USD";"USD";"USD";2;0.010000000000;0.010000000000;0.000000000000;0.000000000000;0.000000000000;0.000000000000;0.000000000000;"PARTIAL";1.00000000;0.10000000;1000.00000000;0.10000000;0.00000000;0;0;36.00;1;4;2;127;2;15;5;-6.82000000;0.50000000;5;0.00000000;0.00000000;1.00000000;0.00000000;0.00000000;0.00000000;365
"2026.08.14 08:38:38";"Bybit-Live-4";"Infra Capital Limited";"UST";500;"OXY.s";"Occidental Petroleum Corp";"STP\Stocks.s\US.s\OXY.s";"USD";"USD";"USD";2;0.010000000000;0.010000000000;0.000000000000;0.000000000000;0.000000000000;0.000000000000;0.000000000000;"PARTIAL";1.00000000;0.10000000;1000.00000000;0.10000000;0.00000000;0;0;36.00;1;4;2;127;2;15;5;-6.82000000;0.50000000;5;0.00000000;0.00000000;1.00000000;0.00000000;0.00000000;0.00000000;365
"2026.08.14 08:38:38";"Bybit-Live-4";"Infra Capital Limited";"UST";500;"PSX.s";"Phillips 66";"STP\Stocks.s\US.s\PSX.s";"USD";"USD";"USD";2;0.010000000000;0.010000000000;0.000000000000;0.000000000000;0.000000000000;0.000000000000;0.000000000000;"PARTIAL";1.00000000;0.10000000;1000.00000000;0.10000000;0.00000000;0;0;41.00;1;4;2;127;2;15;5;-6.82000000;0.50000000;5;0.00000000;0.00000000;1.00000000;0.00000000;0.00000000;0.00000000;365
"2026.08.14 08:38:38";"Bybit-Live-4";"Infra Capital Limited";"UST";500;"PTON.s";"Peloton Interactive Inc - Class A";"STP\Stocks.s\US.s\PTON.s";"USD";"USD";"USD";2;0.010000000000;0.010000000000;0.000000000000;0.000000000000;0.000000000000;0.000000000000;0.000000000000;"PARTIAL";1.00000000;0.10000000;1000.00000000;0.10000000;0.00000000;0;0;34.00;1;4;2;127;2;15;5;-6.82000000;0.50000000;5;0.00000000;0.00000000;1.00000000;0.00000000;0.00000000;0.00000000;365
"2026.08.14 08:38:38";"Bybit-Live-4";"Infra Capital Limited";"UST";500;"PVH.s";"PVH Corp";"STP\Stocks.s\US.s\PVH.s";"USD";"USD";"USD";2;0.010000000000;0.010000000000;0.000000000000;0.000000000000;0.000000000000;0.000000000000;0.000000000000;"PARTIAL";1.00000000;0.10000000;1000.00000000;0.10000000;0.00000000;0;0;42.00;1;4;2;127;2;15;5;-6.82000000;0.50000000;5;0.00000000;0.00000000;1.00000000;0.00000000;0.00000000;0.00000000;365
"2026.08.14 08:38:38";"Bybit-Live-4";"Infra Capital Limited";"UST";500;"QCOM.s";"QUALCOMM Inc";"STP\Stocks.s\US.s\QCOM.s";"USD";"USD";"USD";2;0.010000000000;0.010000000000;0.000000000000;0.000000000000;0.000000000000;0.000000000000;0.000000000000;"PARTIAL";1.00000000;0.10000000;1000.00000000;0.10000000;0.00000000;0;0;41.00;1;4;2;127;2;15;5;-6.82000000;0.50000000;5;0.00000000;0.00000000;1.00000000;0.00000000;0.00000000;0.00000000;365
"2026.08.14 08:38:38";"Bybit-Live-4";"Infra Capital Limited";"UST";500;"RACE.s";"Ferrari NV";"STP\Stocks.s\US.s\RACE.s";"USD";"USD";"USD";2;0.010000000000;0.010000000000;0.000000000000;0.000000000000;0.000000000000;0.000000000000;0.000000000000;"PARTIAL";1.00000000;0.10000000;1000.00000000;0.10000000;0.00000000;0;0;61.00;1;4;2;127;2;15;5;-6.82000000;0.50000000;5;0.00000000;0.00000000;1.00000000;0.00000000;0.00000000;0.00000000;365
"2026.08.14 08:38:38";"Bybit-Live-4";"Infra Capital Limited";"UST";500;"RBLX.s";"Roblox Corp - Class A";"STP\Stocks.s\US.s\RBLX.s";"USD";"USD";"USD";2;0.010000000000;0.010000000000;0.000000000000;0.000000000000;0.000000000000;0.000000000000;0.000000000000;"PARTIAL";1.00000000;0.10000000;1000.00000000;0.10000000;0.00000000;0;0;34.00;1;4;2;127;2;15;5;-6.82000000;0.50000000;5;0.00000000;0.00000000;1.00000000;0.00000000;0.00000000;0.00000000;365
"2026.08.14 08:38:38";"Bybit-Live-4";"Infra Capital Limited";"UST";500;"REGN.s";"Regeneron Pharmaceuticals";"STP\Stocks.s\US.s\REGN.s";"USD";"USD";"USD";2;0.010000000000;0.010000000000;0.000000000000;0.000000000000;0.000000000000;0.000000000000;0.000000000000;"PARTIAL";1.00000000;0.10000000;1000.00000000;0.10000000;0.00000000;0;0;182.00;1;4;2;127;2;15;5;-6.82000000;0.50000000;5;0.00000000;0.00000000;1.00000000;0.00000000;0.00000000;0.00000000;365
"2026.08.14 08:38:38";"Bybit-Live-4";"Infra Capital Limited";"UST";500;"RF.s";"Regions Financial Corp";"STP\Stocks.s\US.s\RF.s";"USD";"USD";"USD";2;0.010000000000;0.010000000000;0.000000000000;0.000000000000;0.000000000000;0.000000000000;0.000000000000;"PARTIAL";1.00000000;0.10000000;1000.00000000;0.10000000;0.00000000;0;0;34.00;1;4;2;127;2;15;5;-6.82000000;0.50000000;5;0.00000000;0.00000000;1.00000000;0.00000000;0.00000000;0.00000000;365
"2026.08.14 08:38:38";"Bybit-Live-4";"Infra Capital Limited";"UST";500;"RIG.s";"Transocean LTD";"STP\Stocks.s\US.s\RIG.s";"USD";"USD";"USD";2;0.010000000000;0.010000000000;0.000000000000;0.000000000000;0.000000000000;0.000000000000;0.000000000000;"PARTIAL";1.00000000;0.10000000;1000.00000000;0.10000000;0.00000000;0;0;35.00;1;4;2;127;2;15;5;-6.82000000;0.50000000;5;0.00000000;0.00000000;1.00000000;0.00000000;0.00000000;0.00000000;365
"2026.08.14 08:38:38";"Bybit-Live-4";"Infra Capital Limited";"UST";500;"RL.s";"Ralph Lauren Corp";"STP\Stocks.s\US.s\RL.s";"USD";"USD";"USD";2;0.010000000000;0.010000000000;0.000000000000;0.000000000000;0.000000000000;0.000000000000;0.000000000000;"PARTIAL";1.00000000;0.10000000;1000.00000000;0.10000000;0.00000000;0;0;44.00;1;4;2;127;2;15;5;-6.82000000;0.50000000;5;0.00000000;0.00000000;1.00000000;0.00000000;0.00000000;0.00000000;365
"2026.08.14 08:38:38";"Bybit-Live-4";"Infra Capital Limited";"UST";500;"VALE.s";"Vale do Rio Doce";"STP\Stocks.s\US.s\VALE.s";"USD";"USD";"USD";2;0.010000000000;0.010000000000;0.000000000000;0.000000000000;0.000000000000;0.000000000000;0.000000000000;"PARTIAL";1.00000000;0.10000000;1000.00000000;0.10000000;0.00000000;0;0;34.00;1;4;2;127;2;15;5;-6.82000000;0.50000000;5;0.00000000;0.00000000;1.00000000;0.00000000;0.00000000;0.00000000;365
"2026.08.14 08:38:38";"Bybit-Live-4";"Infra Capital Limited";"UST";500;"ROK.s";"Rockwell Automation Inc";"STP\Stocks.s\US.s\ROK.s";"USD";"USD";"USD";2;0.010000000000;0.010000000000;0.000000000000;0.000000000000;0.000000000000;0.000000000000;0.000000000000;"PARTIAL";1.00000000;0.10000000;1000.00000000;0.10000000;0.00000000;0;0;58.00;1;4;2;127;2;15;5;-6.82000000;0.50000000;5;0.00000000;0.00000000;1.00000000;0.00000000;0.00000000;0.00000000;365
"2026.08.14 08:38:38";"Bybit-Live-4";"Infra Capital Limited";"UST";500;"ROKU.s";"Roku Inc";"STP\Stocks.s\US.s\ROKU.s";"USD";"USD";"USD";2;0.010000000000;0.010000000000;0.000000000000;0.000000000000;0.000000000000;0.000000000000;0.000000000000;"PARTIAL";1.00000000;0.10000000;1000.00000000;0.10000000;0.00000000;0;0;37.00;1;4;2;127;2;15;5;-6.82000000;0.50000000;5;0.00000000;0.00000000;1.00000000;0.00000000;0.00000000;0.00000000;365
"2026.08.14 08:38:38";"Bybit-Live-4";"Infra Capital Limited";"UST";500;"VFS.s";"VinFast Auto (ADRs)";"STP\Stocks.s\US.s\VFS.s";"USD";"USD";"USD";2;0.010000000000;0.010000000000;0.000000000000;0.000000000000;0.000000000000;0.000000000000;0.000000000000;"PARTIAL";1.00000000;0.10000000;1000.00000000;0.10000000;0.00000000;0;0;34.00;1;4;2;127;2;15;5;-6.82000000;0.50000000;5;0.00000000;0.00000000;1.00000000;0.00000000;0.00000000;0.00000000;365
"2026.08.14 08:38:38";"Bybit-Live-4";"Infra Capital Limited";"UST";500;"ROP.s";"Roper Technologies Inc";"STP\Stocks.s\US.s\ROP.s";"USD";"USD";"USD";2;0.010000000000;0.010000000000;0.000000000000;0.000000000000;0.000000000000;0.000000000000;0.000000000000;"PARTIAL";1.00000000;0.10000000;1000.00000000;0.10000000;0.00000000;0;0;81.00;1;4;2;127;2;15;5;-6.82000000;0.50000000;5;0.00000000;0.00000000;1.00000000;0.00000000;0.00000000;0.00000000;365
"2026.08.14 08:38:38";"Bybit-Live-4";"Infra Capital Limited";"UST";500;"ROST.s";"Ross Stores Inc";"STP\Stocks.s\US.s\ROST.s";"USD";"USD";"USD";2;0.010000000000;0.010000000000;0.000000000000;0.000000000000;0.000000000000;0.000000000000;0.000000000000;"PARTIAL";1.00000000;0.10000000;1000.00000000;0.10000000;0.00000000;0;0;45.00;1;4;2;127;2;15;5;-6.82000000;0.50000000;5;0.00000000;0.00000000;1.00000000;0.00000000;0.00000000;0.00000000;365
"2026.08.14 08:38:38";"Bybit-Live-4";"Infra Capital Limited";"UST";500;"RSG.s";"Republic Services Inc";"STP\Stocks.s\US.s\RSG.s";"USD";"USD";"USD";2;0.010000000000;0.010000000000;0.000000000000;0.000000000000;0.000000000000;0.000000000000;0.000000000000;"PARTIAL";1.00000000;0.10000000;1000.00000000;0.10000000;0.00000000;0;0;44.00;1;4;2;127;2;15;5;-6.82000000;0.50000000;5;0.00000000;0.00000000;1.00000000;0.00000000;0.00000000;0.00000000;365
"2026.08.14 08:38:38";"Bybit-Live-4";"Infra Capital Limited";"UST";500;"SCHW.s";"Schwab (Charles) Corp";"STP\Stocks.s\US.s\SCHW.s";"USD";"USD";"USD";2;0.010000000000;0.010000000000;0.000000000000;0.000000000000;0.000000000000;0.000000000000;0.000000000000;"PARTIAL";1.00000000;0.10000000;1000.00000000;0.10000000;0.00000000;0;0;36.00;1;4;2;127;2;15;5;-6.82000000;0.50000000;5;0.00000000;0.00000000;1.00000000;0.00000000;0.00000000;0.00000000;365
"2026.08.14 08:38:38";"Bybit-Live-4";"Infra Capital Limited";"UST";500;"SENS.s";"Senseonich Holdings Inc";"STP\Stocks.s\US.s\SENS.s";"USD";"USD";"USD";2;0.010000000000;0.010000000000;0.000000000000;0.000000000000;0.000000000000;0.000000000000;0.000000000000;"PARTIAL";1.00000000;0.10000000;1000.00000000;0.10000000;0.00000000;0;0;34.00;1;4;2;127;2;15;5;-6.82000000;0.50000000;5;0.00000000;0.00000000;1.00000000;0.00000000;0.00000000;0.00000000;365
"2026.08.14 08:38:38";"Bybit-Live-4";"Infra Capital Limited";"UST";500;"VTRS.s";"Viatris Inc";"STP\Stocks.s\US.s\VTRS.s";"USD";"USD";"USD";2;0.010000000000;0.010000000000;0.000000000000;0.000000000000;0.000000000000;0.000000000000;0.000000000000;"PARTIAL";1.00000000;0.10000000;1000.00000000;0.10000000;0.00000000;0;0;34.00;1;4;2;127;2;15;5;-6.82000000;0.50000000;5;0.00000000;0.00000000;1.00000000;0.00000000;0.00000000;0.00000000;365
"2026.08.14 08:38:38";"Bybit-Live-4";"Infra Capital Limited";"UST";500;"SIG.s";"Signet Jewelers Ltd";"STP\Stocks.s\US.s\SIG.s";"USD";"USD";"USD";2;0.010000000000;0.010000000000;0.000000000000;0.000000000000;0.000000000000;0.000000000000;0.000000000000;"PARTIAL";1.00000000;0.10000000;1000.00000000;0.10000000;0.00000000;0;0;52.00;1;4;2;127;2;15;5;-6.82000000;0.50000000;5;0.00000000;0.00000000;1.00000000;0.00000000;0.00000000;0.00000000;365
"2026.08.14 08:38:38";"Bybit-Live-4";"Infra Capital Limited";"UST";500;"SIRI.s";"Sirius XM Holdings Inc";"STP\Stocks.s\US.s\SIRI.s";"USD";"USD";"USD";2;0.010000000000;0.010000000000;0.000000000000;0.000000000000;0.000000000000;0.000000000000;0.000000000000;"PARTIAL";1.00000000;0.10000000;1000.00000000;0.10000000;0.00000000;0;0;34.00;1;4;2;127;2;15;5;-6.82000000;0.50000000;5;0.00000000;0.00000000;1.00000000;0.00000000;0.00000000;0.00000000;365
"2026.08.14 08:38:38";"Bybit-Live-4";"Infra Capital Limited";"UST";500;"WDAY.s";"Workday Inc - Class A";"STP\Stocks.s\US.s\WDAY.s";"USD";"USD";"USD";2;0.010000000000;0.010000000000;0.000000000000;0.000000000000;0.000000000000;0.000000000000;0.000000000000;"PARTIAL";1.00000000;0.10000000;1000.00000000;0.10000000;0.00000000;0;0;44.00;1;4;2;127;2;15;5;-6.82000000;0.50000000;5;0.00000000;0.00000000;1.00000000;0.00000000;0.00000000;0.00000000;365
"2026.08.14 08:38:38";"Bybit-Live-4";"Infra Capital Limited";"UST";500;"WDC.s";"Western Digital Corp";"STP\Stocks.s\US.s\WDC.s";"USD";"USD";"USD";2;0.010000000000;0.010000000000;0.000000000000;0.000000000000;0.000000000000;0.000000000000;0.000000000000;"PARTIAL";1.00000000;0.10000000;1000.00000000;0.10000000;0.00000000;0;0;46.00;1;4;2;127;2;15;5;-6.82000000;0.50000000;5;0.00000000;0.00000000;1.00000000;0.00000000;0.00000000;0.00000000;365
"2026.08.14 08:38:38";"Bybit-Live-4";"Infra Capital Limited";"UST";500;"SMG.s";"ScottsMiracle-Gro Co";"STP\Stocks.s\US.s\SMG.s";"USD";"USD";"USD";2;0.010000000000;0.010000000000;0.000000000000;0.000000000000;0.000000000000;0.000000000000;0.000000000000;"PARTIAL";1.00000000;0.10000000;1000.00000000;0.10000000;0.00000000;0;0;37.00;1;4;2;127;2;15;5;-6.82000000;0.50000000;5;0.00000000;0.00000000;1.00000000;0.00000000;0.00000000;0.00000000;365
"2026.08.14 08:38:38";"Bybit-Live-4";"Infra Capital Limited";"UST";500;"WEN.s";"Wendy's Co";"STP\Stocks.s\US.s\WEN.s";"USD";"USD";"USD";2;0.010000000000;0.010000000000;0.000000000000;0.000000000000;0.000000000000;0.000000000000;0.000000000000;"PARTIAL";1.00000000;0.10000000;1000.00000000;0.10000000;0.00000000;0;0;34.00;1;4;2;127;2;15;5;-6.82000000;0.50000000;5;0.00000000;0.00000000;1.00000000;0.00000000;0.00000000;0.00000000;365
"2026.08.14 08:38:38";"Bybit-Live-4";"Infra Capital Limited";"UST";500;"SNAP.s";"Snap Inc";"STP\Stocks.s\US.s\SNAP.s";"USD";"USD";"USD";2;0.010000000000;0.010000000000;0.000000000000;0.000000000000;0.000000000000;0.000000000000;0.000000000000;"PARTIAL";1.00000000;0.10000000;1000.00000000;0.10000000;0.00000000;0;0;34.00;1;4;2;127;2;15;5;-6.82000000;0.50000000;5;0.00000000;0.00000000;1.00000000;0.00000000;0.00000000;0.00000000;365
"2026.08.14 08:38:38";"Bybit-Live-4";"Infra Capital Limited";"UST";500;"WM.s";"Waste Management Inc";"STP\Stocks.s\US.s\WM.s";"USD";"USD";"USD";2;0.010000000000;0.010000000000;0.000000000000;0.000000000000;0.000000000000;0.000000000000;0.000000000000;"PARTIAL";1.00000000;0.10000000;1000.00000000;0.10000000;0.00000000;0;0;48.00;1;4;2;127;2;15;5;-6.82000000;0.50000000;5;0.00000000;0.00000000;1.00000000;0.00000000;0.00000000;0.00000000;365
"2026.08.14 08:38:38";"Bybit-Live-4";"Infra Capital Limited";"UST";500;"SNPS.s";"Synopsys Inc";"STP\Stocks.s\US.s\SNPS.s";"USD";"USD";"USD";2;0.010000000000;0.010000000000;0.000000000000;0.000000000000;0.000000000000;0.000000000000;0.000000000000;"PARTIAL";1.00000000;0.10000000;1000.00000000;0.10000000;0.00000000;0;0;60.00;1;4;2;127;2;15;5;-6.82000000;0.50000000;5;0.00000000;0.00000000;1.00000000;0.00000000;0.00000000;0.00000000;365
"2026.08.14 08:38:38";"Bybit-Live-4";"Infra Capital Limited";"UST";500;"WMB.s";"Williams Cos Inc";"STP\Stocks.s\US.s\WMB.s";"USD";"USD";"USD";2;0.010000000000;0.010000000000;0.000000000000;0.000000000000;0.000000000000;0.000000000000;0.000000000000;"PARTIAL";1.00000000;0.10000000;1000.00000000;0.10000000;0.00000000;0;0;34.00;1;4;2;127;2;15;5;-6.82000000;0.50000000;5;0.00000000;0.00000000;1.00000000;0.00000000;0.00000000;0.00000000;365
"2026.08.14 08:38:38";"Bybit-Live-4";"Infra Capital Limited";"UST";500;"WPM.s";"Wheaton Precious Metals Corp";"STP\Stocks.s\US.s\WPM.s";"USD";"USD";"USD";2;0.010000000000;0.010000000000;0.000000000000;0.000000000000;0.000000000000;0.000000000000;0.000000000000;"PARTIAL";1.00000000;0.10000000;1000.00000000;0.10000000;0.00000000;0;0;34.00;1;4;2;127;2;15;5;-6.82000000;0.50000000;5;0.00000000;0.00000000;1.00000000;0.00000000;0.00000000;0.00000000;365
"2026.08.14 08:38:38";"Bybit-Live-4";"Infra Capital Limited";"UST";500;"SOFI.s";"SoFi Technologies Inc";"STP\Stocks.s\US.s\SOFI.s";"USD";"USD";"USD";2;0.010000000000;0.010000000000;0.000000000000;0.000000000000;0.000000000000;0.000000000000;0.000000000000;"PARTIAL";1.00000000;0.10000000;1000.00000000;0.10000000;0.00000000;0;0;34.00;1;4;2;127;2;15;5;-6.82000000;0.50000000;5;0.00000000;0.00000000;1.00000000;0.00000000;0.00000000;0.00000000;365
"2026.08.14 08:38:38";"Bybit-Live-4";"Infra Capital Limited";"UST";500;"WU.s";"Western Union Co";"STP\Stocks.s\US.s\WU.s";"USD";"USD";"USD";2;0.010000000000;0.010000000000;0.000000000000;0.000000000000;0.000000000000;0.000000000000;0.000000000000;"PARTIAL";1.00000000;0.10000000;1000.00000000;0.10000000;0.00000000;0;0;34.00;1;4;2;127;2;15;5;-6.82000000;0.50000000;5;0.00000000;0.00000000;1.00000000;0.00000000;0.00000000;0.00000000;365
"2026.08.14 08:38:38";"Bybit-Live-4";"Infra Capital Limited";"UST";500;"SPCE.s";"VIRGIN GALACTIC HOLDINGS INC";"STP\Stocks.s\US.s\SPCE.s";"USD";"USD";"USD";2;0.010000000000;0.010000000000;0.000000000000;0.000000000000;0.000000000000;0.000000000000;0.000000000000;"PARTIAL";1.00000000;0.10000000;1000.00000000;0.10000000;0.00000000;0;0;34.00;1;4;2;127;2;15;5;-6.82000000;0.50000000;5;0.00000000;0.00000000;1.00000000;0.00000000;0.00000000;0.00000000;365
"2026.08.14 08:38:38";"Bybit-Live-4";"Infra Capital Limited";"UST";500;"WY.s";"Weyerhaeuser Co";"STP\Stocks.s\US.s\WY.s";"USD";"USD";"USD";2;0.010000000000;0.010000000000;0.000000000000;0.000000000000;0.000000000000;0.000000000000;0.000000000000;"PARTIAL";1.00000000;0.10000000;1000.00000000;0.10000000;0.00000000;0;0;34.00;1;4;2;127;2;15;5;-6.82000000;0.50000000;5;0.00000000;0.00000000;1.00000000;0.00000000;0.00000000;0.00000000;365
"2026.08.14 08:38:38";"Bybit-Live-4";"Infra Capital Limited";"UST";500;"WYNN.s";"Wynn Resorts Ltd";"STP\Stocks.s\US.s\WYNN.s";"USD";"USD";"USD";2;0.010000000000;0.010000000000;0.000000000000;0.000000000000;0.000000000000;0.000000000000;0.000000000000;"PARTIAL";1.00000000;0.10000000;1000.00000000;0.10000000;0.00000000;0;0;37.00;1;4;2;127;2;15;5;-6.82000000;0.50000000;5;0.00000000;0.00000000;1.00000000;0.00000000;0.00000000;0.00000000;365
"2026.08.14 08:38:38";"Bybit-Live-4";"Infra Capital Limited";"UST";500;"SPG.s";"Simon Property Group Inc";"STP\Stocks.s\US.s\SPG.s";"USD";"USD";"USD";2;0.010000000000;0.010000000000;0.000000000000;0.000000000000;0.000000000000;0.000000000000;0.000000000000;"PARTIAL";1.00000000;0.10000000;1000.00000000;0.10000000;0.00000000;0;0;40.00;1;4;2;127;2;15;5;-6.82000000;0.50000000;5;0.00000000;0.00000000;1.00000000;0.00000000;0.00000000;0.00000000;365
"2026.08.14 08:38:38";"Bybit-Live-4";"Infra Capital Limited";"UST";500;"SPGI.s";"S&P Global Inc";"STP\Stocks.s\US.s\SPGI.s";"USD";"USD";"USD";2;0.010000000000;0.010000000000;0.000000000000;0.000000000000;0.000000000000;0.000000000000;0.000000000000;"PARTIAL";1.00000000;0.10000000;1000.00000000;0.10000000;0.00000000;0;0;57.00;1;3;2;127;2;15;5;-6.82000000;0.50000000;5;0.00000000;0.00000000;1.00000000;0.00000000;0.00000000;0.00000000;365
"2026.08.14 08:38:38";"Bybit-Live-4";"Infra Capital Limited";"UST";500;"XRX.s";"Xerox Holdings Corp (Nasdaq)";"STP\Stocks.s\US.s\XRX.s";"USD";"USD";"USD";2;0.010000000000;0.010000000000;0.000000000000;0.000000000000;0.000000000000;0.000000000000;0.000000000000;"PARTIAL";1.00000000;0.10000000;1000.00000000;0.10000000;0.00000000;0;0;34.00;1;4;2;127;2;15;5;-6.82000000;0.50000000;5;0.00000000;0.00000000;1.00000000;0.00000000;0.00000000;0.00000000;365
"2026.08.14 08:38:38";"Bybit-Live-4";"Infra Capital Limited";"UST";500;"SRE.s";"Sempra Energy";"STP\Stocks.s\US.s\SRE.s";"USD";"USD";"USD";2;0.010000000000;0.010000000000;0.000000000000;0.000000000000;0.000000000000;0.000000000000;0.000000000000;"PARTIAL";1.00000000;0.10000000;1000.00000000;0.10000000;0.00000000;0;0;41.00;1;4;2;127;2;15;5;-6.82000000;0.50000000;5;0.00000000;0.00000000;1.00000000;0.00000000;0.00000000;0.00000000;365
"2026.08.14 08:38:38";"Bybit-Live-4";"Infra Capital Limited";"UST";500;"YUM.s";"Yum! Brands Inc";"STP\Stocks.s\US.s\YUM.s";"USD";"USD";"USD";2;0.010000000000;0.010000000000;0.000000000000;0.000000000000;0.000000000000;0.000000000000;0.000000000000;"PARTIAL";1.00000000;0.10000000;1000.00000000;0.10000000;0.00000000;0;0;45.00;1;4;2;127;2;15;5;-6.82000000;0.50000000;5;0.00000000;0.00000000;1.00000000;0.00000000;0.00000000;0.00000000;365
"2026.08.14 08:38:38";"Bybit-Live-4";"Infra Capital Limited";"UST";500;"STT.s";"State Street Corp";"STP\Stocks.s\US.s\STT.s";"USD";"USD";"USD";2;0.010000000000;0.010000000000;0.000000000000;0.000000000000;0.000000000000;0.000000000000;0.000000000000;"PARTIAL";1.00000000;0.10000000;1000.00000000;0.10000000;0.00000000;0;0;39.00;1;4;2;127;2;15;5;-6.82000000;0.50000000;5;0.00000000;0.00000000;1.00000000;0.00000000;0.00000000;0.00000000;365
"2026.08.14 08:38:38";"Bybit-Live-4";"Infra Capital Limited";"UST";500;"STX.s";"Seagate";"STP\Stocks.s\US.s\STX.s";"USD";"USD";"USD";2;0.010000000000;0.010000000000;0.000000000000;0.000000000000;0.000000000000;0.000000000000;0.000000000000;"PARTIAL";1.00000000;0.10000000;1000.00000000;0.10000000;0.00000000;0;0;98.00;1;4;2;127;2;15;5;-6.82000000;0.50000000;5;0.00000000;0.00000000;1.00000000;0.00000000;0.00000000;0.00000000;365
"2026.08.14 08:38:38";"Bybit-Live-4";"Infra Capital Limited";"UST";500;"Z.s";"Zillow Group Inc - Class C";"STP\Stocks.s\US.s\Z.s";"USD";"USD";"USD";2;0.010000000000;0.010000000000;0.000000000000;0.000000000000;0.000000000000;0.000000000000;0.000000000000;"PARTIAL";1.00000000;0.10000000;1000.00000000;0.10000000;0.00000000;0;0;34.00;1;4;2;127;2;15;5;-6.82000000;0.50000000;5;0.00000000;0.00000000;1.00000000;0.00000000;0.00000000;0.00000000;365
"2026.08.14 08:38:38";"Bybit-Live-4";"Infra Capital Limited";"UST";500;"ZBH.s";"Zimmer Biomet Holdings Inc";"STP\Stocks.s\US.s\ZBH.s";"USD";"USD";"USD";2;0.010000000000;0.010000000000;0.000000000000;0.000000000000;0.000000000000;0.000000000000;0.000000000000;"PARTIAL";1.00000000;0.10000000;1000.00000000;0.10000000;0.00000000;0;0;39.00;1;4;2;127;2;15;5;-6.82000000;0.50000000;5;0.00000000;0.00000000;1.00000000;0.00000000;0.00000000;0.00000000;365
"2026.08.14 08:38:38";"Bybit-Live-4";"Infra Capital Limited";"UST";500;"STZ.s";"Constellation Brands Inc - Class A";"STP\Stocks.s\US.s\STZ.s";"USD";"USD";"USD";2;0.010000000000;0.010000000000;0.000000000000;0.000000000000;0.000000000000;0.000000000000;0.000000000000;"PARTIAL";1.00000000;0.10000000;1000.00000000;0.10000000;0.00000000;0;0;49.00;1;4;2;127;2;15;5;-6.82000000;0.50000000;5;0.00000000;0.00000000;1.00000000;0.00000000;0.00000000;0.00000000;365
"2026.08.14 08:38:38";"Bybit-Live-4";"Infra Capital Limited";"UST";500;"ZIM.s";"Zim Integrated Shipping Services Ltd (ADRs)";"STP\Stocks.s\US.s\ZIM.s";"USD";"USD";"USD";2;0.010000000000;0.010000000000;0.000000000000;0.000000000000;0.000000000000;0.000000000000;0.000000000000;"PARTIAL";1.00000000;0.10000000;1000.00000000;0.10000000;0.00000000;0;0;34.00;1;4;2;127;2;15;5;-6.82000000;0.50000000;5;0.00000000;0.00000000;1.00000000;0.00000000;0.00000000;0.00000000;365
"2026.08.14 08:38:38";"Bybit-Live-4";"Infra Capital Limited";"UST";500;"ZTS.s";"Zoetis Inc";"STP\Stocks.s\US.s\ZTS.s";"USD";"USD";"USD";2;0.010000000000;0.010000000000;0.000000000000;0.000000000000;0.000000000000;0.000000000000;0.000000000000;"PARTIAL";1.00000000;0.10000000;1000.00000000;0.10000000;0.00000000;0;0;42.00;1;4;2;127;2;15;5;-6.82000000;0.50000000;5;0.00000000;0.00000000;1.00000000;0.00000000;0.00000000;0.00000000;365
"2026.08.14 08:38:38";"Bybit-Live-4";"Infra Capital Limited";"UST";500;"SWK.s";"Stanley Black & Decker Inc";"STP\Stocks.s\US.s\SWK.s";"USD";"USD";"USD";2;0.010000000000;0.010000000000;0.000000000000;0.000000000000;0.000000000000;0.000000000000;0.000000000000;"PARTIAL";1.00000000;0.10000000;1000.00000000;0.10000000;0.00000000;0;0;39.00;1;4;2;127;2;15;5;-6.82000000;0.50000000;5;0.00000000;0.00000000;1.00000000;0.00000000;0.00000000;0.00000000;365
"2026.08.14 08:38:38";"Bybit-Live-4";"Infra Capital Limited";"UST";500;"SWKS.s";"Skyworks Solutions Inc";"STP\Stocks.s\US.s\SWKS.s";"USD";"USD";"USD";2;0.010000000000;0.010000000000;0.000000000000;0.000000000000;0.000000000000;0.000000000000;0.000000000000;"PARTIAL";1.00000000;0.10000000;1000.00000000;0.10000000;0.00000000;0;0;37.00;1;4;2;127;2;15;5;-6.82000000;0.50000000;5;0.00000000;0.00000000;1.00000000;0.00000000;0.00000000;0.00000000;365
"2026.08.14 08:38:38";"Bybit-Live-4";"Infra Capital Limited";"UST";500;"SYF.s";"Synchrony Financial";"STP\Stocks.s\US.s\SYF.s";"USD";"USD";"USD";2;0.010000000000;0.010000000000;0.000000000000;0.000000000000;0.000000000000;0.000000000000;0.000000000000;"PARTIAL";1.00000000;0.10000000;1000.00000000;0.10000000;0.00000000;0;0;35.00;1;4;2;127;2;15;5;-6.82000000;0.50000000;5;0.00000000;0.00000000;1.00000000;0.00000000;0.00000000;0.00000000;365
"2026.08.14 08:38:38";"Bybit-Live-4";"Infra Capital Limited";"UST";500;"SYK.s";"Stryker Corp";"STP\Stocks.s\US.s\SYK.s";"USD";"USD";"USD";2;0.010000000000;0.010000000000;0.000000000000;0.000000000000;0.000000000000;0.000000000000;0.000000000000;"PARTIAL";1.00000000;0.10000000;1000.00000000;0.10000000;0.00000000;0;0;51.00;1;4;2;127;2;15;5;-6.82000000;0.50000000;5;0.00000000;0.00000000;1.00000000;0.00000000;0.00000000;0.00000000;365
"2026.08.14 08:38:38";"Bybit-Live-4";"Infra Capital Limited";"UST";500;"SYY.s";"Sysco Corp";"STP\Stocks.s\US.s\SYY.s";"USD";"USD";"USD";2;0.010000000000;0.010000000000;0.000000000000;0.000000000000;0.000000000000;0.000000000000;0.000000000000;"PARTIAL";1.00000000;0.10000000;1000.00000000;0.10000000;0.00000000;0;0;36.00;1;4;2;127;2;15;5;-6.82000000;0.50000000;5;0.00000000;0.00000000;1.00000000;0.00000000;0.00000000;0.00000000;365
"2026.08.14 08:38:38";"Bybit-Live-4";"Infra Capital Limited";"UST";500;"TDOC.s";"Teladoc Health Inc";"STP\Stocks.s\US.s\TDOC.s";"USD";"USD";"USD";2;0.010000000000;0.010000000000;0.000000000000;0.000000000000;0.000000000000;0.000000000000;0.000000000000;"PARTIAL";1.00000000;0.10000000;1000.00000000;0.10000000;0.00000000;0;0;34.00;1;4;2;127;2;15;5;-6.82000000;0.50000000;5;0.00000000;0.00000000;1.00000000;0.00000000;0.00000000;0.00000000;365
"2026.08.14 08:38:38";"Bybit-Live-4";"Infra Capital Limited";"UST";500;"TEAM.s";"Atlassian Corp PLC - Class A";"STP\Stocks.s\US.s\TEAM.s";"USD";"USD";"USD";2;0.010000000000;0.010000000000;0.000000000000;0.000000000000;0.000000000000;0.000000000000;0.000000000000;"PARTIAL";1.00000000;0.10000000;1000.00000000;0.10000000;0.00000000;0;0;47.00;1;4;2;127;2;15;5;-6.82000000;0.50000000;5;0.00000000;0.00000000;1.00000000;0.00000000;0.00000000;0.00000000;365
"2026.08.14 08:38:38";"Bybit-Live-4";"Infra Capital Limited";"UST";500;"TEL.s";"TE Connectivity Ltd";"STP\Stocks.s\US.s\TEL.s";"USD";"USD";"USD";2;0.010000000000;0.010000000000;0.000000000000;0.000000000000;0.000000000000;0.000000000000;0.000000000000;"PARTIAL";1.00000000;0.10000000;1000.00000000;0.10000000;0.00000000;0;0;45.00;1;4;2;127;2;15;5;-6.82000000;0.50000000;5;0.00000000;0.00000000;1.00000000;0.00000000;0.00000000;0.00000000;365
"2026.08.14 08:38:38";"Bybit-Live-4";"Infra Capital Limited";"UST";500;"TEVA.s";"Teva Pharmaceutical-Sp (ADRs)";"STP\Stocks.s\US.s\TEVA.s";"USD";"USD";"USD";2;0.010000000000;0.010000000000;0.000000000000;0.000000000000;0.000000000000;0.000000000000;0.000000000000;"PARTIAL";1.00000000;0.10000000;1000.00000000;0.10000000;0.00000000;0;0;34.00;1;4;2;127;2;15;5;-6.82000000;0.50000000;5;0.00000000;0.00000000;1.00000000;0.00000000;0.00000000;0.00000000;365
"2026.08.14 08:38:38";"Bybit-Live-4";"Infra Capital Limited";"UST";500;"TFC.s";"Truist Financial Corp";"STP\Stocks.s\US.s\TFC.s";"USD";"USD";"USD";2;0.010000000000;0.010000000000;0.000000000000;0.000000000000;0.000000000000;0.000000000000;0.000000000000;"PARTIAL";1.00000000;0.10000000;1000.00000000;0.10000000;0.00000000;0;0;35.00;1;4;2;127;2;15;5;-6.82000000;0.50000000;5;0.00000000;0.00000000;1.00000000;0.00000000;0.00000000;0.00000000;365
"2026.08.14 08:38:38";"Bybit-Live-4";"Infra Capital Limited";"UST";500;"TGT.s";"Target Corp";"STP\Stocks.s\US.s\TGT.s";"USD";"USD";"USD";2;0.010000000000;0.010000000000;0.000000000000;0.000000000000;0.000000000000;0.000000000000;0.000000000000;"PARTIAL";1.00000000;0.10000000;1000.00000000;0.10000000;0.00000000;0;0;45.00;1;4;2;127;2;15;5;-6.82000000;0.50000000;5;0.00000000;0.00000000;1.00000000;0.00000000;0.00000000;0.00000000;365
"2026.08.14 08:38:38";"Bybit-Live-4";"Infra Capital Limited";"UST";500;"TJX.s";"TJX Companies Inc";"STP\Stocks.s\US.s\TJX.s";"USD";"USD";"USD";2;0.010000000000;0.010000000000;0.000000000000;0.000000000000;0.000000000000;0.000000000000;0.000000000000;"PARTIAL";1.00000000;0.10000000;1000.00000000;0.10000000;0.00000000;0;0;38.00;1;4;2;127;2;15;5;-6.82000000;0.50000000;5;0.00000000;0.00000000;1.00000000;0.00000000;0.00000000;0.00000000;365
"2026.08.14 08:38:38";"Bybit-Live-4";"Infra Capital Limited";"UST";500;"TMO.s";"Thermo Fisher Scientific Inc";"STP\Stocks.s\US.s\TMO.s";"USD";"USD";"USD";2;0.010000000000;0.010000000000;0.000000000000;0.000000000000;0.000000000000;0.000000000000;0.000000000000;"PARTIAL";1.00000000;0.10000000;1000.00000000;0.10000000;0.00000000;0;0;98.00;1;4;2;127;2;15;5;-6.82000000;0.50000000;5;0.00000000;0.00000000;1.00000000;0.00000000;0.00000000;0.00000000;365
"2026.08.14 08:38:38";"Bybit-Live-4";"Infra Capital Limited";"UST";500;"TROW.s";"T. Rowe Price Group Inc";"STP\Stocks.s\US.s\TROW.s";"USD";"USD";"USD";2;0.010000000000;0.010000000000;0.000000000000;0.000000000000;0.000000000000;0.000000000000;0.000000000000;"PARTIAL";1.00000000;0.10000000;1000.00000000;0.10000000;0.00000000;0;0;38.00;1;4;2;127;2;15;5;-6.82000000;0.50000000;5;0.00000000;0.00000000;1.00000000;0.00000000;0.00000000;0.00000000;365
"2026.08.14 08:38:38";"Bybit-Live-4";"Infra Capital Limited";"UST";500;"TRV.s";"The Travelers Companies Inc";"STP\Stocks.s\US.s\TRV.s";"USD";"USD";"USD";2;0.010000000000;0.010000000000;0.000000000000;0.000000000000;0.000000000000;0.000000000000;0.000000000000;"PARTIAL";1.00000000;0.10000000;1000.00000000;0.10000000;0.00000000;0;0;47.00;1;4;2;127;2;15;5;-6.82000000;0.50000000;5;0.00000000;0.00000000;1.00000000;0.00000000;0.00000000;0.00000000;365
"2026.08.14 08:38:38";"Bybit-Live-4";"Infra Capital Limited";"UST";500;"TTWO.s";"Take-Two Interactive SoftwareInc";"STP\Stocks.s\US.s\TTWO.s";"USD";"USD";"USD";2;0.010000000000;0.010000000000;0.000000000000;0.000000000000;0.000000000000;0.000000000000;0.000000000000;"PARTIAL";1.00000000;0.10000000;1000.00000000;0.10000000;0.00000000;0;0;45.00;1;4;2;127;2;15;5;-6.82000000;0.50000000;5;0.00000000;0.00000000;1.00000000;0.00000000;0.00000000;0.00000000;365
"2026.08.14 08:38:38";"Bybit-Live-4";"Infra Capital Limited";"UST";500;"TWLO.s";"Twilio Inc - Class A";"STP\Stocks.s\US.s\TWLO.s";"USD";"USD";"USD";2;0.010000000000;0.010000000000;0.000000000000;0.000000000000;0.000000000000;0.000000000000;0.000000000000;"PARTIAL";1.00000000;0.10000000;1000.00000000;0.10000000;0.00000000;0;0;47.00;1;4;2;127;2;15;5;-6.82000000;0.50000000;5;0.00000000;0.00000000;1.00000000;0.00000000;0.00000000;0.00000000;365
"2026.08.14 08:38:38";"Bybit-Live-4";"Infra Capital Limited";"UST";500;"TXN.s";"Texas Instruments Inc";"STP\Stocks.s\US.s\TXN.s";"USD";"USD";"USD";2;0.010000000000;0.010000000000;0.000000000000;0.000000000000;0.000000000000;0.000000000000;0.000000000000;"PARTIAL";1.00000000;0.10000000;1000.00000000;0.10000000;0.00000000;0;0;49.00;1;4;2;127;2;15;5;-6.82000000;0.50000000;5;0.00000000;0.00000000;1.00000000;0.00000000;0.00000000;0.00000000;365
"2026.08.14 08:38:38";"Bybit-Live-4";"Infra Capital Limited";"UST";500;"ULTA.s";"Ulta Beauty Inc";"STP\Stocks.s\US.s\ULTA.s";"USD";"USD";"USD";2;0.010000000000;0.010000000000;0.000000000000;0.000000000000;0.000000000000;0.000000000000;0.000000000000;"PARTIAL";1.00000000;0.10000000;1000.00000000;0.10000000;0.00000000;0;0;113.00;1;4;2;127;2;15;5;-6.82000000;0.50000000;5;0.00000000;0.00000000;1.00000000;0.00000000;0.00000000;0.00000000;365
"2026.08.14 08:38:38";"Bybit-Live-4";"Infra Capital Limited";"UST";500;"UMC.s";"United Microelectronics Corp (ADRs)";"STP\Stocks.s\US.s\UMC.s";"USD";"USD";"USD";2;0.010000000000;0.010000000000;0.000000000000;0.000000000000;0.000000000000;0.000000000000;0.000000000000;"PARTIAL";1.00000000;0.10000000;1000.00000000;0.10000000;0.00000000;0;0;34.00;1;4;2;127;2;15;5;-6.82000000;0.50000000;5;0.00000000;0.00000000;1.00000000;0.00000000;0.00000000;0.00000000;365
"2026.08.14 08:38:38";"Bybit-Live-4";"Infra Capital Limited";"UST";500;"UNP.s";"Union Pacific Corp";"STP\Stocks.s\US.s\UNP.s";"USD";"USD";"USD";2;0.010000000000;0.010000000000;0.000000000000;0.000000000000;0.000000000000;0.000000000000;0.000000000000;"PARTIAL";1.00000000;0.10000000;1000.00000000;0.10000000;0.00000000;0;0;51.00;1;4;2;127;2;15;5;-6.82000000;0.50000000;5;0.00000000;0.00000000;1.00000000;0.00000000;0.00000000;0.00000000;365
"2026.08.14 08:38:38";"Bybit-Live-4";"Infra Capital Limited";"UST";500;"UPS.s";"United Parcel Service Inc";"STP\Stocks.s\US.s\UPS.s";"USD";"USD";"USD";2;0.010000000000;0.010000000000;0.000000000000;0.000000000000;0.000000000000;0.000000000000;0.000000000000;"PARTIAL";1.00000000;0.10000000;1000.00000000;0.10000000;0.00000000;0;0;42.00;1;4;2;127;2;15;5;-6.82000000;0.50000000;5;0.00000000;0.00000000;1.00000000;0.00000000;0.00000000;0.00000000;365
"2026.08.14 08:38:38";"Bybit-Live-4";"Infra Capital Limited";"UST";500;"UPST.s";"Upstart Holdings Inc";"STP\Stocks.s\US.s\UPST.s";"USD";"USD";"USD";2;0.010000000000;0.010000000000;0.000000000000;0.000000000000;0.000000000000;0.000000000000;0.000000000000;"PARTIAL";1.00000000;0.10000000;1000.00000000;0.10000000;0.00000000;0;0;34.00;1;4;2;127;2;15;5;-6.82000000;0.50000000;5;0.00000000;0.00000000;1.00000000;0.00000000;0.00000000;0.00000000;365
"2026.08.14 08:38:38";"Bybit-Live-4";"Infra Capital Limited";"UST";500;"USB.s";"U.S. Bancorp";"STP\Stocks.s\US.s\USB.s";"USD";"USD";"USD";2;0.010000000000;0.010000000000;0.000000000000;0.000000000000;0.000000000000;0.000000000000;0.000000000000;"PARTIAL";1.00000000;0.10000000;1000.00000000;0.10000000;0.00000000;0;0;34.00;1;4;2;127;2;15;5;-6.82000000;0.50000000;5;0.00000000;0.00000000;1.00000000;0.00000000;0.00000000;0.00000000;365
"2026.08.14 08:38:38";"Bybit-Live-4";"Infra Capital Limited";"UST";500;"ASML-US.s";"ASML Holding NV";"STP\Stocks.s\US.s\ASML-US.s";"USD";"USD";"USD";2;0.010000000000;0.010000000000;0.000000000000;0.000000000000;0.000000000000;0.000000000000;0.000000000000;"PARTIAL";1.00000000;0.10000000;1000.00000000;0.10000000;0.00000000;0;0;139.00;1;4;2;127;2;15;5;-6.82000000;0.50000000;5;0.00000000;0.00000000;1.00000000;0.00000000;0.00000000;0.00000000;365
"2026.08.14 08:38:38";"Bybit-Live-4";"Infra Capital Limited";"UST";500;"IBIT.s";"iShares Bitcoin Trust";"STP\Stocks.s\US.s\IBIT.s";"USD";"USD";"USD";2;0.010000000000;0.010000000000;0.000000000000;0.000000000000;0.000000000000;0.000000000000;0.000000000000;"PARTIAL";1.00000000;0.10000000;1000.00000000;0.10000000;0.00000000;0;0;37.00;1;4;2;127;2;15;5;-6.82000000;0.50000000;5;0.00000000;0.00000000;1.00000000;0.00000000;0.00000000;0.00000000;365
"2026.08.14 08:38:38";"Bybit-Live-4";"Infra Capital Limited";"UST";500;"XLE.s";"Energy Select Sector SPDR Fund ETF";"STP\Stocks.s\US.s\XLE.s";"USD";"USD";"USD";2;0.010000000000;0.010000000000;0.000000000000;0.000000000000;0.000000000000;0.000000000000;0.000000000000;"PARTIAL";1.00000000;0.10000000;1000.00000000;0.10000000;0.00000000;0;0;37.00;1;4;2;127;2;15;5;-6.82000000;0.50000000;5;0.00000000;0.00000000;1.00000000;0.00000000;0.00000000;0.00000000;365
"2026.08.14 08:38:38";"Bybit-Live-4";"Infra Capital Limited";"UST";500;"URA.s";"Global X Uranium ETF";"STP\Stocks.s\US.s\URA.s";"USD";"USD";"USD";2;0.010000000000;0.010000000000;0.000000000000;0.000000000000;0.000000000000;0.000000000000;0.000000000000;"PARTIAL";1.00000000;0.10000000;1000.00000000;0.10000000;0.00000000;0;0;37.00;1;4;2;127;2;15;5;-6.82000000;0.50000000;5;0.00000000;0.00000000;1.00000000;0.00000000;0.00000000;0.00000000;365
"2026.08.14 08:38:38";"Bybit-Live-4";"Infra Capital Limited";"UST";500;"URNM.s";"Sprott Uranium Miners ETF";"STP\Stocks.s\US.s\URNM.s";"USD";"USD";"USD";2;0.010000000000;0.010000000000;0.000000000000;0.000000000000;0.000000000000;0.000000000000;0.000000000000;"PARTIAL";1.00000000;0.10000000;1000.00000000;0.10000000;0.00000000;0;0;65.00;1;4;2;127;2;15;5;-6.82000000;0.50000000;5;0.00000000;0.00000000;1.00000000;0.00000000;0.00000000;0.00000000;365
"2026.08.14 08:38:38";"Bybit-Live-4";"Infra Capital Limited";"UST";500;"LIT.s";"Global X Lithium & Battery Tech ETF";"STP\Stocks.s\US.s\LIT.s";"USD";"USD";"USD";2;0.010000000000;0.010000000000;0.000000000000;0.000000000000;0.000000000000;0.000000000000;0.000000000000;"PARTIAL";1.00000000;0.10000000;1000.00000000;0.10000000;0.00000000;0;0;44.00;1;4;2;127;2;15;5;-6.82000000;0.50000000;5;0.00000000;0.00000000;1.00000000;0.00000000;0.00000000;0.00000000;365
"2026.08.14 08:38:38";"Bybit-Live-4";"Infra Capital Limited";"UST";500;"ASTS.s";"AST SpaceMobile Inc";"STP\Stocks.s\US.s\ASTS.s";"USD";"USD";"USD";2;0.010000000000;0.010000000000;0.000000000000;0.000000000000;0.000000000000;0.000000000000;0.000000000000;"PARTIAL";1.00000000;0.10000000;1000.00000000;0.10000000;0.00000000;0;0;49.00;1;4;2;127;2;15;5;-6.82000000;0.50000000;5;0.00000000;0.00000000;1.00000000;0.00000000;0.00000000;0.00000000;365
"2026.08.14 08:38:38";"Bybit-Live-4";"Infra Capital Limited";"UST";500;"RKLB.s";"Rocket Lab Corp";"STP\Stocks.s\US.s\RKLB.s";"USD";"USD";"USD";2;0.010000000000;0.010000000000;0.000000000000;0.000000000000;0.000000000000;0.000000000000;0.000000000000;"PARTIAL";1.00000000;0.10000000;1000.00000000;0.10000000;0.00000000;0;0;47.00;1;4;2;127;2;15;5;-6.82000000;0.50000000;5;0.00000000;0.00000000;1.00000000;0.00000000;0.00000000;0.00000000;365
"2026.08.14 08:38:38";"Bybit-Live-4";"Infra Capital Limited";"UST";500;"SNDK.s";"Sandisk Corp";"STP\Stocks.s\US.s\SNDK.s";"USD";"USD";"USD";2;0.010000000000;0.010000000000;0.000000000000;0.000000000000;0.000000000000;0.000000000000;0.000000000000;"PARTIAL";1.00000000;0.10000000;1000.00000000;0.10000000;0.00000000;0;0;70.00;1;4;2;127;2;15;5;-6.82000000;0.50000000;5;0.00000000;0.00000000;1.00000000;0.00000000;0.00000000;0.00000000;365
"2026.08.14 08:38:38";"Bybit-Live-4";"Infra Capital Limited";"UST";500;"Q.s";"Qnity Electronics, Inc.";"STP\Stocks.s\US.s\Q.s";"USD";"USD";"USD";2;0.010000000000;0.010000000000;0.000000000000;0.000000000000;0.000000000000;0.000000000000;0.000000000000;"PARTIAL";1.00000000;0.10000000;1000.00000000;0.10000000;0.00000000;0;0;49.00;1;4;2;127;2;15;5;-6.82000000;0.50000000;5;0.00000000;0.00000000;1.00000000;0.00000000;0.00000000;0.00000000;365
"2026.08.14 08:38:38";"Bybit-Live-4";"Infra Capital Limited";"UST";500;"TTMI.s";"TTM Technologies, Inc.";"STP\Stocks.s\US.s\TTMI.s";"USD";"USD";"USD";2;0.010000000000;0.010000000000;0.000000000000;0.000000000000;0.000000000000;0.000000000000;0.000000000000;"PARTIAL";1.00000000;0.10000000;1000.00000000;0.10000000;0.00000000;0;0;45.00;1;4;2;127;2;15;5;-6.82000000;0.50000000;5;0.00000000;0.00000000;1.00000000;0.00000000;0.00000000;0.00000000;365
"2026.08.14 08:38:38";"Bybit-Live-4";"Infra Capital Limited";"UST";500;"MOD.s";"Modine Manufacturing Company";"STP\Stocks.s\US.s\MOD.s";"USD";"USD";"USD";2;0.010000000000;0.010000000000;0.000000000000;0.000000000000;0.000000000000;0.000000000000;0.000000000000;"PARTIAL";1.00000000;0.10000000;1000.00000000;0.10000000;0.00000000;0;0;81.00;1;4;2;127;2;15;5;-6.82000000;0.50000000;5;0.00000000;0.00000000;1.00000000;0.00000000;0.00000000;0.00000000;365
"2026.08.14 08:38:38";"Bybit-Live-4";"Infra Capital Limited";"UST";500;"BWXT.s";"BWX Technologies Inc";"STP\Stocks.s\US.s\BWXT.s";"USD";"USD";"USD";2;0.010000000000;0.010000000000;0.000000000000;0.000000000000;0.000000000000;0.000000000000;0.000000000000;"PARTIAL";1.00000000;0.10000000;1000.00000000;0.10000000;0.00000000;0;0;56.00;1;4;2;127;2;15;5;-6.82000000;0.50000000;5;0.00000000;0.00000000;1.00000000;0.00000000;0.00000000;0.00000000;365
"2026.08.14 08:38:38";"Bybit-Live-4";"Infra Capital Limited";"UST";500;"CCJ.s";"Cameco Corp (US)";"STP\Stocks.s\US.s\CCJ.s";"USD";"USD";"USD";2;0.010000000000;0.010000000000;0.000000000000;0.000000000000;0.000000000000;0.000000000000;0.000000000000;"PARTIAL";1.00000000;0.10000000;1000.00000000;0.10000000;0.00000000;0;0;42.00;1;4;2;127;2;15;5;-6.82000000;0.50000000;5;0.00000000;0.00000000;1.00000000;0.00000000;0.00000000;0.00000000;365
"2026.08.14 08:38:38";"Bybit-Live-4";"Infra Capital Limited";"UST";500;"CEG.s";"Constellation Energy Corp";"STP\Stocks.s\US.s\CEG.s";"USD";"USD";"USD";2;0.010000000000;0.010000000000;0.000000000000;0.000000000000;0.000000000000;0.000000000000;0.000000000000;"PARTIAL";1.00000000;0.10000000;1000.00000000;0.10000000;0.00000000;0;0;60.00;1;4;2;127;2;15;5;-6.82000000;0.50000000;5;0.00000000;0.00000000;1.00000000;0.00000000;0.00000000;0.00000000;365
"2026.08.14 08:38:38";"Bybit-Live-4";"Infra Capital Limited";"UST";500;"SPCX.s";"Space Exploration Technologies Corp.";"STP\Stocks.s\US.s\SPCX.s";"USD";"USD";"USD";2;0.010000000000;0.010000000000;0.000000000000;0.000000000000;0.000000000000;0.000000000000;0.000000000000;"PARTIAL";1.00000000;0.10000000;1000.00000000;0.10000000;0.00000000;0;0;47.00;1;4;2;127;2;15;5;-7.41000000;1.09000000;5;0.00000000;0.00000000;1.00000000;0.00000000;0.00000000;0.00000000;365
"2026.08.14 08:38:38";"Bybit-Live-4";"Infra Capital Limited";"UST";500;"EWY.s";"iShares MSCI South Korea Capped ETF";"STP\Stocks.s\US.s\EWY.s";"USD";"USD";"USD";2;0.010000000000;0.010000000000;0.000000000000;0.000000000000;0.000000000000;0.000000000000;0.000000000000;"PARTIAL";1.00000000;0.10000000;1000.00000000;0.10000000;0.00000000;0;0;47.00;1;4;2;127;2;15;5;-6.82000000;0.50000000;5;0.00000000;0.00000000;1.00000000;0.00000000;0.00000000;0.00000000;365
"2026.08.14 08:38:38";"Bybit-Live-4";"Infra Capital Limited";"UST";500;"SOXX.s";"iShares Semiconductor ETF";"STP\Stocks.s\US.s\SOXX.s";"USD";"USD";"USD";2;0.010000000000;0.010000000000;0.000000000000;0.000000000000;0.000000000000;0.000000000000;0.000000000000;"PARTIAL";1.00000000;0.10000000;1000.00000000;0.10000000;0.00000000;0;0;93.00;1;4;2;127;2;15;5;-6.82000000;0.50000000;5;0.00000000;0.00000000;1.00000000;0.00000000;0.00000000;0.00000000;365
"2026.08.14 08:38:38";"Bybit-Live-4";"Infra Capital Limited";"UST";500;"RVMD.s";"Revolution Medicines Inc";"STP\Stocks.s\US.s\RVMD.s";"USD";"USD";"USD";2;0.010000000000;0.010000000000;0.000000000000;0.000000000000;0.000000000000;0.000000000000;0.000000000000;"PARTIAL";1.00000000;0.10000000;1000.00000000;0.10000000;0.00000000;0;0;59.00;1;4;2;127;2;15;5;-6.82000000;0.50000000;5;0.00000000;0.00000000;1.00000000;0.00000000;0.00000000;0.00000000;365
"2026.08.14 08:38:38";"Bybit-Live-4";"Infra Capital Limited";"UST";500;"BTSG.s";"BrightSpring Health Services, Inc.";"STP\Stocks.s\US.s\BTSG.s";"USD";"USD";"USD";2;0.010000000000;0.010000000000;0.000000000000;0.000000000000;0.000000000000;0.000000000000;0.000000000000;"PARTIAL";1.00000000;0.10000000;1000.00000000;0.10000000;0.00000000;0;0;40.00;1;4;2;127;2;15;5;-6.82000000;0.50000000;5;0.00000000;0.00000000;1.00000000;0.00000000;0.00000000;0.00000000;365
"2026.08.14 08:38:38";"Bybit-Live-4";"Infra Capital Limited";"UST";500;"SKHY.s";"SK Hynix Inc";"STP\Stocks.s\US.s\SKHY.s";"USD";"USD";"USD";2;0.010000000000;0.010000000000;0.000000000000;0.000000000000;0.000000000000;0.000000000000;0.000000000000;"PARTIAL";1.00000000;0.10000000;1000.00000000;0.10000000;0.00000000;0;0;49.00;1;4;2;127;2;15;5;-6.82000000;0.50000000;5;0.00000000;0.00000000;1.00000000;0.00000000;0.00000000;0.00000000;365
"2026.08.14 08:38:38";"Bybit-Live-4";"Infra Capital Limited";"UST";500;"SOXL.s";"Direxion Daily Semiconductor Bull 3X ETF";"STP\Stocks.s\US.s\SOXL.s";"USD";"USD";"USD";2;0.010000000000;0.010000000000;0.000000000000;0.000000000000;0.000000000000;0.000000000000;0.000000000000;"PARTIAL";1.00000000;0.10000000;1000.00000000;0.10000000;0.00000000;0;0;45.00;1;4;2;127;2;15;5;-6.82000000;0.50000000;5;0.00000000;0.00000000;1.00000000;0.00000000;0.00000000;0.00000000;365
"2026.08.14 08:38:38";"Bybit-Live-4";"Infra Capital Limited";"UST";500;"KORU.s";"Direxion Daily MSCI South Korea Bull 3X ETF";"STP\Stocks.s\US.s\KORU.s";"USD";"USD";"USD";2;0.010000000000;0.010000000000;0.000000000000;0.000000000000;0.000000000000;0.000000000000;0.000000000000;"PARTIAL";1.00000000;0.10000000;1000.00000000;0.10000000;0.00000000;0;0;75.00;1;4;2;127;2;15;5;-6.82000000;0.50000000;5;0.00000000;0.00000000;1.00000000;0.00000000;0.00000000;0.00000000;365
"2026.08.14 08:38:38";"Bybit-Live-4";"Infra Capital Limited";"UST";500;"DRAM.s";"Roundhill ETF Trust";"STP\Stocks.s\US.s\DRAM.s";"USD";"USD";"USD";2;0.010000000000;0.010000000000;0.000000000000;0.000000000000;0.000000000000;0.000000000000;0.000000000000;"PARTIAL";1.00000000;0.10000000;1000.00000000;0.10000000;0.00000000;0;0;37.00;1;4;2;127;2;15;5;-6.82000000;0.50000000;5;0.00000000;0.00000000;1.00000000;0.00000000;0.00000000;0.00000000;365
"2026.08.14 08:38:38";"Bybit-Live-4";"Infra Capital Limited";"UST";500;"CBRS.s";"Cerebras Systems Inc";"STP\Stocks.s\US.s\CBRS.s";"USD";"USD";"USD";2;0.010000000000;0.010000000000;0.000000000000;0.000000000000;0.000000000000;0.000000000000;0.000000000000;"PARTIAL";1.00000000;0.10000000;1000.00000000;0.10000000;0.00000000;0;0;49.00;1;4;2;127;2;15;5;-6.82000000;0.50000000;5;0.00000000;0.00000000;1.00000000;0.00000000;0.00000000;0.00000000;365
"2026.08.14 08:38:38";"Bybit-Live-4";"Infra Capital Limited";"UST";500;"NBIS.s";"Nebius Group NV";"STP\Stocks.s\US.s\NBIS.s";"USD";"USD";"USD";2;0.010000000000;0.010000000000;0.000000000000;0.000000000000;0.000000000000;0.000000000000;0.000000000000;"PARTIAL";1.00000000;0.10000000;1000.00000000;0.10000000;0.00000000;0;0;54.00;1;4;2;127;2;15;5;-6.82000000;0.50000000;5;0.00000000;0.00000000;1.00000000;0.00000000;0.00000000;0.00000000;365
"2026.08.14 08:38:38";"Bybit-Live-4";"Infra Capital Limited";"UST";500;"ARM.s";"ARM Holdings PLC";"STP\Stocks.s\US.s\ARM.s";"USD";"USD";"USD";2;0.010000000000;0.010000000000;0.000000000000;0.000000000000;0.000000000000;0.000000000000;0.000000000000;"PARTIAL";1.00000000;0.10000000;1000.00000000;0.10000000;0.00000000;0;0;69.00;1;4;2;127;2;15;5;-6.82000000;0.50000000;5;0.00000000;0.00000000;1.00000000;0.00000000;0.00000000;0.00000000;365
"2026.08.14 08:38:38";"Bybit-Live-4";"Infra Capital Limited";"UST";500;"QNT.s";"Quantinuum Inc.";"STP\Stocks.s\US.s\QNT.s";"USD";"USD";"USD";2;0.010000000000;0.010000000000;0.000000000000;0.000000000000;0.000000000000;0.000000000000;0.000000000000;"PARTIAL";1.00000000;0.10000000;1000.00000000;0.10000000;0.00000000;0;0;46.00;1;4;2;127;2;15;5;-6.82000000;0.50000000;5;0.00000000;0.00000000;1.00000000;0.00000000;0.00000000;0.00000000;365
"2026.08.14 08:38:38";"Bybit-Live-4";"Infra Capital Limited";"UST";500;"AXTI.s";"AXT Inc";"STP\Stocks.s\US.s\AXTI.s";"USD";"USD";"USD";2;0.010000000000;0.010000000000;0.000000000000;0.000000000000;0.000000000000;0.000000000000;0.000000000000;"PARTIAL";1.00000000;0.10000000;1000.00000000;0.10000000;0.00000000;0;0;38.00;1;4;2;127;2;15;5;-6.82000000;0.50000000;5;0.00000000;0.00000000;1.00000000;0.00000000;0.00000000;0.00000000;365
"2026.08.14 08:38:38";"Bybit-Live-4";"Infra Capital Limited";"UST";500;"FLNC.s";"Fluence Energy Inc";"STP\Stocks.s\US.s\FLNC.s";"USD";"USD";"USD";2;0.010000000000;0.010000000000;0.000000000000;0.000000000000;0.000000000000;0.000000000000;0.000000000000;"PARTIAL";1.00000000;0.10000000;1000.00000000;0.10000000;0.00000000;0;0;37.00;1;4;2;127;2;15;5;-6.82000000;0.50000000;5;0.00000000;0.00000000;1.00000000;0.00000000;0.00000000;0.00000000;365
"2026.08.14 08:38:38";"Bybit-Live-4";"Infra Capital Limited";"UST";500;"IREN.s";"IREN Ltd.";"STP\Stocks.s\US.s\IREN.s";"USD";"USD";"USD";2;0.010000000000;0.010000000000;0.000000000000;0.000000000000;0.000000000000;0.000000000000;0.000000000000;"PARTIAL";1.00000000;0.10000000;1000.00000000;0.10000000;0.00000000;0;0;37.00;1;4;2;127;2;15;5;-6.82000000;0.50000000;5;0.00000000;0.00000000;1.00000000;0.00000000;0.00000000;0.00000000;365
"2026.08.14 08:38:38";"Bybit-Live-4";"Infra Capital Limited";"UST";500;"CRWV.s";"Coreweave Inc";"STP\Stocks.s\US.s\CRWV.s";"USD";"USD";"USD";2;0.010000000000;0.010000000000;0.000000000000;0.000000000000;0.000000000000;0.000000000000;0.000000000000;"PARTIAL";1.00000000;0.10000000;1000.00000000;0.10000000;0.00000000;0;0;38.00;1;4;2;127;2;15;5;-6.82000000;0.50000000;5;0.00000000;0.00000000;1.00000000;0.00000000;0.00000000;0.00000000;365
"2026.08.14 08:38:38";"Bybit-Live-4";"Infra Capital Limited";"UST";500;"ONDS.s";"Ondas Holdings Inc";"STP\Stocks.s\US.s\ONDS.s";"USD";"USD";"USD";2;0.010000000000;0.010000000000;0.000000000000;0.000000000000;0.000000000000;0.000000000000;0.000000000000;"PARTIAL";1.00000000;0.10000000;1000.00000000;0.10000000;0.00000000;0;0;37.00;1;4;2;127;2;15;5;-6.82000000;0.50000000;5;0.00000000;0.00000000;1.00000000;0.00000000;0.00000000;0.00000000;365
"2026.08.14 08:38:38";"Bybit-Live-4";"Infra Capital Limited";"UST";500;"MVLL.s";"GraniteShares 2x Long MRVL Daily ETF";"STP\Stocks.s\US.s\MVLL.s";"USD";"USD";"USD";2;0.010000000000;0.010000000000;0.000000000000;0.000000000000;0.000000000000;0.000000000000;0.000000000000;"PARTIAL";1.00000000;0.10000000;1000.00000000;0.10000000;0.00000000;0;0;37.00;1;4;2;127;2;15;5;-6.82000000;0.50000000;5;0.00000000;0.00000000;1.00000000;0.00000000;0.00000000;0.00000000;365
"2026.08.14 08:38:38";"Bybit-Live-4";"Infra Capital Limited";"UST";500;"ALAB.s";"Astera Labs Inc";"STP\Stocks.s\US.s\ALAB.s";"USD";"USD";"USD";2;0.010000000000;0.010000000000;0.000000000000;0.000000000000;0.000000000000;0.000000000000;0.000000000000;"PARTIAL";1.00000000;0.10000000;1000.00000000;0.10000000;0.00000000;0;0;74.00;1;4;2;127;2;15;5;-6.82000000;0.50000000;5;0.00000000;0.00000000;1.00000000;0.00000000;0.00000000;0.00000000;365
"2026.08.14 08:38:38";"Bybit-Live-4";"Infra Capital Limited";"UST";500;"NOKIA.s";"Nokia Oyj";"STP\Stocks.s\US.s\NOKIA.s";"USD";"USD";"USD";2;0.010000000000;0.010000000000;0.000000000000;0.000000000000;0.000000000000;0.000000000000;0.000000000000;"PARTIAL";1.00000000;0.10000000;1000.00000000;0.10000000;0.00000000;0;0;37.00;1;4;2;127;2;15;5;-6.82000000;0.50000000;5;0.00000000;0.00000000;1.00000000;0.00000000;0.00000000;0.00000000;365
"2026.08.14 08:38:38";"Bybit-Live-4";"Infra Capital Limited";"UST";500;"FLEX.s";"Flex Ltd";"STP\Stocks.s\US.s\FLEX.s";"USD";"USD";"USD";2;0.010000000000;0.010000000000;0.000000000000;0.000000000000;0.000000000000;0.000000000000;0.000000000000;"PARTIAL";1.00000000;0.10000000;1000.00000000;0.10000000;0.00000000;0;0;44.00;1;4;2;127;2;15;5;-6.82000000;0.50000000;5;0.00000000;0.00000000;1.00000000;0.00000000;0.00000000;0.00000000;365
"2026.08.14 08:38:38";"Bybit-Live-4";"Infra Capital Limited";"UST";500;"SPY.s";"SPDR S&P 500 ETF Trust";"STP\Stocks.s\US.s\SPY.s";"USD";"USD";"USD";2;0.010000000000;0.010000000000;0.000000000000;0.000000000000;0.000000000000;0.000000000000;0.000000000000;"PARTIAL";1.00000000;0.10000000;1000.00000000;0.10000000;0.00000000;0;0;102.00;1;4;2;127;2;15;5;-6.82000000;0.50000000;5;0.00000000;0.00000000;1.00000000;0.00000000;0.00000000;0.00000000;365
"2026.08.14 08:38:38";"Bybit-Live-4";"Infra Capital Limited";"UST";500;"TER.s";"Teradyne Inc";"STP\Stocks.s\US.s\TER.s";"USD";"USD";"USD";2;0.010000000000;0.010000000000;0.000000000000;0.000000000000;0.000000000000;0.000000000000;0.000000000000;"PARTIAL";1.00000000;0.10000000;1000.00000000;0.10000000;0.00000000;0;0;89.00;1;4;2;127;2;15;5;-6.82000000;0.50000000;5;0.00000000;0.00000000;1.00000000;0.00000000;0.00000000;0.00000000;365
"2026.08.14 08:38:38";"Bybit-Live-4";"Infra Capital Limited";"UST";500;"SMCI.s";"Super Micro Computer Inc";"STP\Stocks.s\US.s\SMCI.s";"USD";"USD";"USD";2;0.010000000000;0.010000000000;0.000000000000;0.000000000000;0.000000000000;0.000000000000;0.000000000000;"PARTIAL";1.00000000;0.10000000;1000.00000000;0.10000000;0.00000000;0;0;37.00;1;4;2;127;2;15;5;-6.82000000;0.50000000;5;0.00000000;0.00000000;1.00000000;0.00000000;0.00000000;0.00000000;365
"2026.08.14 08:38:38";"Bybit-Live-4";"Infra Capital Limited";"UST";500;"CIEN.s";"Ciena Corp";"STP\Stocks.s\US.s\CIEN.s";"USD";"USD";"USD";2;0.010000000000;0.010000000000;0.000000000000;0.000000000000;0.000000000000;0.000000000000;0.000000000000;"PARTIAL";1.00000000;0.10000000;1000.00000000;0.10000000;0.00000000;0;0;116.00;1;4;2;127;2;15;5;-6.82000000;0.50000000;5;0.00000000;0.00000000;1.00000000;0.00000000;0.00000000;0.00000000;365
"2026.08.14 08:38:38";"Bybit-Live-4";"Infra Capital Limited";"UST";500;"UVXY.s";"ProShares Ultra VIX Short-Term Futures ETF 1.5x Shares";"STP\Stocks.s\US.s\UVXY.s";"USD";"USD";"USD";2;0.010000000000;0.010000000000;0.000000000000;0.000000000000;0.000000000000;0.000000000000;0.000000000000;"PARTIAL";1.00000000;0.10000000;1000.00000000;0.10000000;0.00000000;0;0;37.00;1;4;2;127;2;15;5;-6.82000000;0.50000000;5;0.00000000;0.00000000;1.00000000;0.00000000;0.00000000;0.00000000;365
"2026.08.14 08:38:38";"Bybit-Live-4";"Infra Capital Limited";"UST";500;"IWM.s";"iShares Russell 2000 ETF";"STP\Stocks.s\US.s\IWM.s";"USD";"USD";"USD";2;0.010000000000;0.010000000000;0.000000000000;0.000000000000;0.000000000000;0.000000000000;0.000000000000;"PARTIAL";1.00000000;0.10000000;1000.00000000;0.10000000;0.00000000;0;0;58.00;1;4;2;127;2;15;5;-6.82000000;0.50000000;5;0.00000000;0.00000000;1.00000000;0.00000000;0.00000000;0.00000000;365
"2026.08.14 08:38:38";"Bybit-Live-4";"Infra Capital Limited";"UST";500;"GEV.s";"GE Vernova Inc";"STP\Stocks.s\US.s\GEV.s";"USD";"USD";"USD";2;0.010000000000;0.010000000000;0.000000000000;0.000000000000;0.000000000000;0.000000000000;0.000000000000;"PARTIAL";1.00000000;0.10000000;1000.00000000;0.10000000;0.00000000;0;0;181.00;1;4;2;127;2;15;5;-6.82000000;0.50000000;5;0.00000000;0.00000000;1.00000000;0.00000000;0.00000000;0.00000000;365
"2026.08.14 08:38:38";"Bybit-Live-4";"Infra Capital Limited";"UST";500;"SQQQ.s";"ProShares UltraPro Short QQQ -3x Shares";"STP\Stocks.s\US.s\SQQQ.s";"USD";"USD";"USD";2;0.010000000000;0.010000000000;0.000000000000;0.000000000000;0.000000000000;0.000000000000;0.000000000000;"PARTIAL";1.00000000;0.10000000;1000.00000000;0.10000000;0.00000000;0;0;37.00;1;4;2;127;2;15;5;-6.82000000;0.50000000;5;0.00000000;0.00000000;1.00000000;0.00000000;0.00000000;0.00000000;365
"2026.08.14 08:38:38";"Bybit-Live-4";"Infra Capital Limited";"UST";500;"HIMS.s";"Hims & Hers Health Inc";"STP\Stocks.s\US.s\HIMS.s";"USD";"USD";"USD";2;0.010000000000;0.010000000000;0.000000000000;0.000000000000;0.000000000000;0.000000000000;0.000000000000;"PARTIAL";1.00000000;0.10000000;1000.00000000;0.10000000;0.00000000;0;0;37.00;1;4;2;127;2;15;5;-6.82000000;0.50000000;5;0.00000000;0.00000000;1.00000000;0.00000000;0.00000000;0.00000000;365
"2026.08.14 08:38:38";"Bybit-Live-4";"Infra Capital Limited";"UST";500;"SONY.s";"Sony Group Corp (US)";"STP\Stocks.s\US.s\SONY.s";"USD";"USD";"USD";2;0.010000000000;0.010000000000;0.000000000000;0.000000000000;0.000000000000;0.000000000000;0.000000000000;"PARTIAL";1.00000000;0.10000000;1000.00000000;0.10000000;0.00000000;0;0;37.00;1;4;2;127;2;15;5;-6.82000000;0.50000000;5;0.00000000;0.00000000;1.00000000;0.00000000;0.00000000;0.00000000;365
"2026.08.14 08:38:38";"Bybit-Live-4";"Infra Capital Limited";"UST";500;"COPPER-C.s";"Copper";"STP\Commodities.s\COPPER-C.s";"USD";"USD";"USD";4;0.000100000000;0.000100000000;0.000000000000;0.000000000000;0.000000000000;0.000000000000;0.000000000000;"PARTIAL";25000.00000000;0.10000000;40.00000000;0.10000000;0.00000000;0;0;40.00;1;4;2;127;2;15;1;-15.96000000;6.30000000;5;0.00000000;0.00000000;25000.00000000;0.00000000;0.00000000;0.00000000;365
"2026.08.14 08:38:38";"Bybit-Live-4";"Infra Capital Limited";"UST";500;"Cocoa-C.s";"US Cocoa - Cash";"STP\Commodities.s\Cocoa-C.s";"USD";"USD";"USD";1;0.100000000000;0.100000000000;0.000000000000;0.000000000000;0.000000000000;0.000000000000;0.000000000000;"PARTIAL";10.00000000;0.10000000;40.00000000;0.10000000;0.00000000;0;0;107.00;1;4;2;127;2;15;1;-35.78000000;9.79000000;5;0.00000000;0.00000000;10.00000000;0.00000000;0.00000000;0.00000000;365
"2026.08.14 08:38:38";"Bybit-Live-4";"Infra Capital Limited";"UST";500;"Coffee-C.s";"Coffee Arabica - Cash";"STP\Commodities.s\Coffee-C.s";"USD";"USD";"USD";4;0.000100000000;0.000100000000;0.000000000000;0.000000000000;0.000000000000;0.000000000000;0.000000000000;"PARTIAL";37500.00000000;0.10000000;40.00000000;0.10000000;0.00000000;0;0;33.00;1;4;2;127;2;15;1;13.46000000;-23.42000000;5;0.00000000;0.00000000;37500.00000000;0.00000000;0.00000000;0.00000000;365
"2026.08.14 08:38:38";"Bybit-Live-4";"Infra Capital Limited";"UST";500;"Cotton-C.s";"Cotton - Cash";"STP\Commodities.s\Cotton-C.s";"USD";"USD";"USD";5;0.000010000000;0.000010000000;0.000000000000;0.000000000000;0.000000000000;0.000000000000;0.000000000000;"PARTIAL";50000.00000000;0.10000000;40.00000000;0.10000000;0.00000000;0;0;168.00;1;4;2;127;2;15;1;-39.03000000;20.68000000;5;0.00000000;0.00000000;50000.00000000;0.00000000;0.00000000;0.00000000;365
"2026.08.14 08:38:38";"Bybit-Live-4";"Infra Capital Limited";"UST";500;"GAS-C.s";"Gasoline";"STP\Commodities.s\GAS-C.s";"USD";"USD";"USD";4;0.000100000000;0.000100000000;0.000000000000;0.000000000000;0.000000000000;0.000000000000;0.000000000000;"PARTIAL";42000.00000000;0.10000000;40.00000000;0.10000000;0.00000000;0;0;29.00;1;4;2;127;2;15;1;41.29000000;-64.90000000;5;0.00000000;0.00000000;42000.00000000;0.00000000;0.00000000;0.00000000;365
"2026.08.14 08:38:38";"Bybit-Live-4";"Infra Capital Limited";"UST";500;"GASOIL-C.s";"Low Sulphur Gasoil - Cash";"STP\Commodities.s\GASOIL-C.s";"USD";"USD";"USD";2;0.010000000000;0.010000000000;0.000000000000;0.000000000000;0.000000000000;0.000000000000;0.000000000000;"PARTIAL";100.00000000;0.10000000;40.00000000;0.10000000;0.00000000;0;0;64.00;1;4;2;127;2;15;1;133.03000000;-211.38000000;5;0.00000000;0.00000000;100.00000000;0.00000000;0.00000000;0.00000000;365
"2026.08.14 08:38:38";"Bybit-Live-4";"Infra Capital Limited";"UST";500;"NG-C.s";"Natural Gas";"STP\Commodities.s\NG-C.s";"USD";"USD";"USD";3;0.001000000000;0.001000000000;0.000000000000;0.000000000000;0.000000000000;0.000000000000;0.000000000000;"PARTIAL";10000.00000000;0.10000000;40.00000000;0.10000000;0.00000000;0;0;12.00;1;4;2;127;2;15;1;0.09000000;-0.44000000;5;0.00000000;0.00000000;10000.00000000;0.00000000;0.00000000;0.00000000;365
"2026.08.14 08:38:38";"Bybit-Live-4";"Infra Capital Limited";"UST";500;"OJ-C.s";"Orange Juice - Cash";"STP\Commodities.s\OJ-C.s";"USD";"USD";"USD";4;0.000100000000;0.000100000000;0.000000000000;0.000000000000;0.000000000000;0.000000000000;0.000000000000;"PARTIAL";15000.00000000;0.10000000;40.00000000;0.10000000;0.00000000;0;0;110.00;1;4;2;127;2;15;1;-5.98000000;3.05000000;5;0.00000000;0.00000000;15000.00000000;0.00000000;0.00000000;0.00000000;365
"2026.08.14 08:38:38";"Bybit-Live-4";"Infra Capital Limited";"UST";500;"Soybean-C.s";"Soybean - Cash";"STP\Commodities.s\Soybean-C.s";"USD";"USD";"USD";3;0.001000000000;0.001000000000;0.000000000000;0.000000000000;0.000000000000;0.000000000000;0.000000000000;"PARTIAL";500.00000000;0.10000000;40.00000000;0.10000000;0.00000000;0;0;22.00;1;4;2;127;2;15;1;0.04000000;-1.21000000;5;0.00000000;0.00000000;500.00000000;0.00000000;0.00000000;0.00000000;365
"2026.08.14 08:38:38";"Bybit-Live-4";"Infra Capital Limited";"UST";500;"Sugar-C.s";"Sugar Raw - Cash";"STP\Commodities.s\Sugar-C.s";"USD";"USD";"USD";5;0.000010000000;0.000010000000;0.000000000000;0.000000000000;0.000000000000;0.000000000000;0.000000000000;"PARTIAL";112000.00000000;0.10000000;40.00000000;0.10000000;0.00000000;0;0;52.00;1;4;2;127;2;15;1;-6.58000000;3.33000000;5;0.00000000;0.00000000;112000.00000000;0.00000000;0.00000000;0.00000000;365
"2026.08.14 08:38:38";"Bybit-Live-4";"Infra Capital Limited";"UST";500;"Wheat-C.s";"US Wheat (SRW) - Cash";"STP\Commodities.s\Wheat-C.s";"USD";"USD";"USD";3;0.001000000000;0.001000000000;0.000000000000;0.000000000000;0.000000000000;0.000000000000;0.000000000000;"PARTIAL";1000.00000000;0.10000000;40.00000000;0.10000000;0.00000000;0;0;14.00;1;4;2;127;2;15;1;-2.67000000;1.36000000;5;0.00000000;0.00000000;1000.00000000;0.00000000;0.00000000;0.00000000;365
"2026.08.14 08:38:38";"Bybit-Live-4";"Infra Capital Limited";"UST";500;"XPDUSD.s";"Palladium - Cash";"STP\Commodities.s\XPDUSD.s";"USD";"USD";"USD";2;0.010000000000;0.010000000000;0.000000000000;0.000000000000;0.000000000000;0.000000000000;0.000000000000;"PARTIAL";10.00000000;0.10000000;40.00000000;0.10000000;0.00000000;0;0;898.00;1;4;2;127;2;15;1;-19.01000000;-9.71000000;5;0.00000000;0.00000000;10.00000000;0.00000000;0.00000000;0.00000000;365
"2026.08.14 08:38:38";"Bybit-Live-4";"Infra Capital Limited";"UST";500;"XPTUSD.s";"Platinum vs US Dollar";"STP\Commodities.s\XPTUSD.s";"USD";"USD";"USD";2;0.010000000000;0.010000000000;0.000000000000;0.000000000000;0.000000000000;0.000000000000;0.000000000000;"PARTIAL";10.00000000;0.10000000;40.00000000;0.10000000;0.00000000;0;0;782.00;1;4;2;127;2;15;1;-43.03000000;8.68000000;5;0.00000000;0.00000000;10.00000000;0.00000000;0.00000000;0.00000000;365
